0.096085,0.0036826,0.013193,0.0011397,0.059691,0.055971,0.0033581,0.001183,0.00045979,0.0005735,0.067084,0.006203,0.00065761,0.00042906,0.006882,0.084305,0.0051644,0.0018994,0.0018887,0.0008215,0.069549,0.0036788,0.00051524,0.00078793,0.013532,0.063597,0.0036565,0.001129,0.00017061,0.0004805,0.10042,0.0020186,0.011259,0.0014598,0.033992,0.11318,0.14311,0.20669
0.096054,0.0026377,0.013896,0.0017754,0.060497,0.054157,0.0035707,0.00075331,0.0013877,0.000124,0.06727,0.0048185,0.0015036,0.00077617,0.007409,0.084088,0.0031292,0.003278,0.0027771,0.0023095,0.073594,0.0043568,0.0018544,0.0018976,0.015407,0.061551,0.0031872,0.00090976,0.0011812,0.0007285,0.10125,0.0023474,0.012554,0.0014084,0.032984,0.113,0.1433,0.20575
0.096984,0.0025751,0.012588,0.00022449,0.060001,0.055444,0.0030447,0.00034135,0.0009544,7.75e-05,0.068045,0.0038246,0.0010524,0.0012742,0.007626,0.085622,0.0042166,0.000186,0.0023798,0.001116,0.073067,0.0042425,0.00050082,0.0012634,0.015407,0.062078,0.0026848,0.0012409,0.00050921,0.0010695,0.10258,0.0027535,0.012144,0.0005837,0.034007,0.10945,0.14153,0.2052
0.096209,0.0027862,0.012863,0.00093274,0.059133,0.055056,0.0029656,0.0016429,0.00062417,0.000279,0.067968,0.0034991,0.00012497,0.00090439,0.0069905,0.084181,0.0039589,0.0024824,0.0015711,0.0008215,0.072959,0.0039584,0.00070231,0.0016866,0.014648,0.063364,0.0044477,0.0022196,0.0013205,0.000155,0.099526,0.0041099,0.010844,0.0015013,0.029838,0.11176,0.14262,0.20637
0.0961,0.0013532,0.011424,0.0015052,0.057877,0.055165,0.0027796,0.0011225,0.0013629,0.0002945,0.065007,0.0029817,0.0018241,0.00089182,0.006076,0.085622,0.0039966,0.00024112,0.00057358,9.3e-05,0.072153,0.0037626,0.0011625,0.0025039,0.013687,0.063845,0.0023557,0.0021943,0.0021453,7.75e-05,0.10013,0.0021931,0.011176,0.0015625,0.030039,0.11095,0.14345,0.20758
0.098828,0.0027382,0.016796,0.0028036,0.061411,0.054591,0.0032325,0.0011065,0.000936,0.000899,0.068045,0.0038875,0.0018729,0.0013323,0.007657,0.089714,0.0036537,0.0030567,0.0018805,0.000775,0.07316,0.0033569,0.0028454,0.0026041,0.015004,0.062775,0.0028897,0.0016844,0.0015739,0.001178,0.09841,0.0027728,0.01335,0.0013922,0.032194,0.10788,0.14514,0.20145
0.096643,0.0034071,0.018507,0.0011038,0.06059,0.054018,0.0027019,0.00089592,0.00067839,0.0010695,0.069192,0.0037468,0.0028007,0.0016789,0.003937,0.088242,0.0042677,0.004074,0.0018349,0.0007905,0.076803,0.0050633,0.0076661,0.0022039,0.019298,0.060683,0.0030195,0.00039243,0.0016674,0.0020615,0.096317,0.0021104,0.01705,0.0009578,0.036921,0.10917,0.14513,0.20381
0.095031,0.0011505,0.01563,0.00063313,0.058358,0.055258,0.0031863,0.00061709,0.00041249,0.0003875,0.068898,0.0030851,0.00021533,0.00037265,0.0070215,0.088753,0.0038566,0.0016227,0.0027315,0.002821,0.072385,0.0046225,0.0021264,0.0024823,0.015407,0.062837,0.0026492,0.0017503,0.0014802,0.001767,0.098363,0.0024493,0.012896,0.0031507,0.032085,0.108,0.14621,0.20426
0.096627,0.0023196,0.013936,0.00062305,0.05952,0.053677,0.0023353,0.00078989,0.0009527,0.0013485,0.068371,0.0044648,0.001832,0.0014768,0.0059055,0.084274,0.0036904,0.0037298,0.0034642,0.0007285,0.074152,0.0045768,0.001973,0.0021465,0.018817,0.05859,0.0031527,0.0024909,0.00067195,0.001953,0.097867,0.003494,0.013318,0.0010336,0.029884,0.11016,0.1495,0.20679
0.097201,0.0030669,0.019453,0.0013615,0.061799,0.055149,0.003562,0.000923,0.0010731,0.000992,0.066728,0.0048021,0.0046036,0.0014759,0.0020305,0.087389,0.0038647,0.0075148,0.0019935,0.002604,0.07516,0.0045128,0.0096017,0.0015958,0.017686,0.059923,0.0031451,0.00089472,0.00031136,0.001023,0.097852,0.0023778,0.018057,0.00075379,0.035821,0.1099,0.14527,0.20544
0.094302,0.0015446,0.011376,0.00056863,0.057939,0.056467,0.0022929,0.0011854,0.00014859,0.0007595,0.07051,0.0037786,0.0013054,0.0015073,0.0063705,0.090381,0.0035423,0.00081209,0.0016666,0.0010695,0.075749,0.0046806,0.00079353,0.0020947,0.014183,0.064248,0.0015793,0.0016812,0.0010762,0.0005735,0.098487,0.0030793,0.010188,0.0015003,0.032736,0.1107,0.13795,0.20121
0.094116,0.0024854,0.014097,0.00086977,0.057443,0.056529,0.0024823,0.00048448,0.00049171,0.0002945,0.069518,0.0019231,0.00049818,0.0017441,0.0077965,0.089513,0.0036509,0.0019191,0.0008525,0.0011005,0.07471,0.0030338,0.0012905,0.0032759,0.014694,0.062915,0.0028855,0.0018949,0.00065575,0.0011005,0.098968,0.0017962,0.012555,0.002243,0.035015,0.11129,0.1391,0.20334
0.096395,0.0020281,0.011919,0.00090252,0.059443,0.054467,0.0019049,0.0017334,0.0014156,0.001674,0.071564,0.0033734,0.0017614,0.001025,0.0034565,0.090722,0.0024756,0.0017157,0.0021802,0.0024335,0.078306,0.0036515,0.0012346,0.00092573,0.01364,0.062233,0.0014521,0.0020498,0.0014074,0.0002015,0.096379,0.0018064,0.010409,0.0014238,0.032426,0.10965,0.13886,0.20142
0.09593,0.0033527,0.012277,0.00070409,0.058079,0.05563,0.0037514,0.0013226,0.0014282,0.0008215,0.067069,0.0031775,0.0013284,0.0023703,0.0084165,0.081251,0.004084,0.002428,0.00178,0.00062,0.072029,0.004003,0.00090712,0.0018515,0.012602,0.062326,0.0036033,0.00075824,0.00081135,0.0008835,0.10024,0.0025722,0.012298,0.0011901,0.031357,0.1125,0.14502,0.20801
0.095,0.0024696,0.01371,0.00069323,0.060001,0.055769,0.004422,0.0013035,0.00082439,9.3e-05,0.069564,0.0036947,0.00068094,0.000865,0.006913,0.088459,0.0039481,0.00040567,0.0022729,0.0016585,0.074803,0.0043133,0.0020152,0.00023093,0.014663,0.062372,0.0036051,0.0019475,0.00068003,0.001705,0.0992,0.0020902,0.010321,0.00080159,0.03131,0.11058,0.13992,0.20434
0.095527,0.0016936,0.013209,0.0001543,0.06028,0.05687,0.0033723,0.0013266,0.00097235,0.0009145,0.072447,0.0035456,0.00075713,0.00045518,0.007564,0.090195,0.0050659,0.0024837,0.0014949,0.0032085,0.075237,0.004065,0.0009707,0.00058179,0.014384,0.06214,0.004321,0.0019896,0.00039203,4.65e-05,0.098332,0.0025017,0.011867,0.0009826,0.032333,0.10714,0.137,0.20511
0.095976,0.0033396,0.010187,0.0024591,0.05797,0.056157,0.0028371,0.00076956,0.00038424,0.0018135,0.07113,0.0043058,0.001393,0.0010751,0.0073005,0.089358,0.0048346,0.0026077,0.0010216,0.0015035,0.074183,0.0041559,0.0013812,0.0014001,0.014043,0.062744,0.002177,0.000963,0.001336,0.00031,0.10016,0.00077755,0.009727,0.0014263,0.033821,0.10963,0.13778,0.20288
0.096891,0.001383,0.014607,0.00070367,0.059474,0.056901,0.0015362,0.00082209,0.00093147,0.0008215,0.070618,0.0037966,0.0019862,0.0011229,0.005952,0.087064,0.0036623,0.0001429,0.0025025,0.0014725,0.075966,0.003552,0.0020284,0.0014817,0.015082,0.063333,0.0024559,0.0020409,0.0018342,0.000868,0.098348,0.0024709,0.011484,0.0015134,0.031481,0.10878,0.13846,0.20364
0.09624,0.0016255,0.017331,0.00084892,0.058637,0.054886,0.0021418,0.0016588,0.00031596,0.0003255,0.067952,0.0025955,0.0015152,0.0012657,0.006696,0.085979,0.0034581,0.00076013,0.001503,0.0018445,0.072835,0.0038809,0.0014362,0.00089944,0.01285,0.063147,0.001864,0.0018189,0.001344,0.001364,0.098952,0.0012059,0.013087,0.0014018,0.031248,0.11166,0.14134,0.207
0.096751,0.0016151,0.014091,0.0011359,0.060543,0.056219,0.0031821,0.0015464,0.0017136,0.0011625,0.072246,0.0028796,0.0013043,0.0011099,0.0079825,0.090396,0.0043126,0.0018726,0.0016785,0.001922,0.07547,0.0040326,0.0012031,0.0018104,0.013346,0.064713,0.0036593,0.0018026,0.0011836,0.0001395,0.09765,0.0013406,0.011923,0.0023394,0.032581,0.1067,0.13721,0.20265
0.096705,0.0018763,0.015393,0.00068994,0.060156,0.058017,0.0028214,0.00094398,0.00084332,0.0006355,0.069719,0.0029847,0.00062809,0.0014604,0.003534,0.087761,0.0021418,0.0035706,0.0026337,0.000992,0.075594,0.0029276,0.00062483,0.0016774,0.01471,0.063101,0.0014268,0.0018093,0.00091647,0.0002635,0.097557,0.00088486,0.011191,0.0010931,0.032953,0.10928,0.13882,0.20345
0.096658,0.0027427,0.009176,0.0010115,0.059458,0.056746,0.002313,0.0017174,0.0016852,0.0008525,0.06927,0.0026932,0.0019751,0.0017943,0.0065255,0.086382,0.0025624,0.0028547,0.0024175,0.0024955,0.073517,0.0035975,0.0019687,0.0010904,0.013935,0.062992,0.0012614,0.0012016,0.0020227,0.000155,0.099092,0.0019384,0.0099713,0.0017516,0.033,0.11148,0.13811,0.20576
0.096162,0.0030594,0.0083709,0.0012361,0.059024,0.054359,0.0039548,0.0015947,0.00099555,0.0004495,0.068867,0.0037578,0.0014139,0.0015232,0.0045105,0.083623,0.0043258,0.0018306,0.0027069,0.0012555,0.070401,0.0039117,0.0013728,0.0022716,0.012555,0.063023,0.0025489,0.00072867,0.0010182,0.000248,0.099169,0.0034872,0.010754,0.0015865,0.029946,0.11258,0.14384,0.20798
0.095759,0.001429,0.0083299,0.00067072,0.058218,0.056033,0.00084105,0.0024005,0.00056691,0.0013795,0.068541,0.0040437,0.0029203,0.00098912,0.005456,0.084367,0.0032977,0.0065564,0.0020667,0.0002325,0.072292,0.0031199,0.00383,0.002178,0.014477,0.06138,0.00047102,0.0017139,0.00064144,0.001891,0.099324,0.0020241,0.0073,0.0011363,0.031093,0.11203,0.14499,0.20528
0.09641,0.0021319,0.0083109,0.0012621,0.059458,0.055568,0.00089758,0.0011429,0.0007965,0.0004495,0.069781,0.0026419,0.0032897,0.00079817,0.006975,0.086211,0.0039353,0.0078338,0.0016798,0.00217,0.073486,0.0011673,0.0041134,0.00059279,0.014741,0.061365,0.00073931,0.0015859,0.0012333,0.0002325,0.099107,0.00144,0.0070563,0.0009024,0.034906,0.11149,0.14262,0.20396
0.096085,0.0006157,0.0099039,0.0015865,0.058544,0.054467,0.0015485,0.001091,0.00021444,0.000744,0.066635,0.0034645,0.0028343,0.0009778,0.0068355,0.084537,0.0017674,0.0068879,0.00060068,0.000217,0.072571,0.0024659,0.0035579,0.0033711,0.015283,0.060466,0.0019869,0.0015323,0.0009426,1.55e-05,0.10005,0.001612,0.0085262,0.0014677,0.030768,0.11289,0.14568,0.20662
0.093372,0.00092023,0.0087885,0.00038944,0.056141,0.056141,0.0010803,0.0013334,0.0010432,0.001023,0.069626,0.0032136,0.0038323,0.001552,0.005859,0.088335,0.0041507,0.0082644,0.0021307,0.0020615,0.074555,0.0024554,0.0039762,0.0021364,0.015841,0.05983,0.0012951,0.0018457,0.0020327,0.000806,0.098022,0.0013542,0.0058347,0.0007142,0.028334,0.10991,0.14351,0.20669
0.092783,0.0015165,0.0086718,0.00088985,0.055366,0.056126,0.0024763,0.0023003,0.0012088,0.0017515,0.069378,0.0034122,0.0036142,0.0011885,0.006355,0.090086,0.0026253,0.0096251,0.0029952,0.001736,0.0764,0.0021357,0.0060296,0.0026286,0.016911,0.065209,0.0012021,0.0022709,0.00082366,0.0015655,0.096565,0.0013015,0.0081024,0.0003013,0.029512,0.10934,0.14032,0.20379
0.094333,0.0013294,0.0091365,0.0010035,0.057598,0.055583,0.0013728,0.002343,0.00082606,0.000434,0.070138,0.002172,0.0043717,0.0018474,0.0049755,0.089993,0.0049756,0.007389,0.0027042,6.2e-05,0.073966,0.0040241,0.0058099,0.0023614,0.016492,0.063116,0.0012034,0.003355,0.00080009,0.000465,0.09858,0.0015475,0.0071529,0.0005196,0.030969,0.10968,0.14125,0.20336
0.093682,0.0010658,0.012495,0.00065616,0.05797,0.054824,0.001353,0.0013683,0.00037933,0.0017515,0.06896,0.0038541,0.0039113,0.0024464,0.0042625,0.089683,0.0027885,0.0077643,0.0021093,0.000341,0.07733,0.0022797,0.0065349,0.0023869,0.015981,0.062651,0.0019816,0.0014421,0.00071976,0.000465,0.097263,0.00028704,0.0086011,0.00078777,0.030179,0.10856,0.14324,0.20381
0.094969,0.00055898,0.010559,0.0011362,0.057583,0.056327,0.00092792,0.00089445,0.00058411,0.000434,0.068479,0.0027848,0.0042335,0.0016773,0.007409,0.089172,0.0039915,0.007442,0.0011435,0.0023405,0.071455,0.0024278,0.0050704,0.002255,0.014942,0.060218,0.0013631,0.0015783,0.00046507,0.0005735,0.097356,0.00077941,0.006808,0.0012749,0.0299,0.10996,0.14536,0.20671
0.095511,0.0014248,0.010522,0.00032903,0.057753,0.054994,0.00014592,0.0024816,0.00075161,6.2e-05,0.067797,0.0027686,0.0023418,0.002164,0.00713,0.087126,0.0028047,0.0087629,0.0013185,0.0007285,0.071455,0.0018095,0.0051762,0.0022055,0.014353,0.062977,0.00093545,0.0018961,0.001486,0.0006665,0.099433,0.00068383,0.0069297,0.001106,0.033868,0.11225,0.14193,0.20652
0.093806,0.0013596,0.010624,0.0015799,0.057257,0.056916,0.0024442,0.0012588,0.0017794,0,0.071641,0.0041566,0.0031954,0.0024632,0.005859,0.093372,0.0019649,0.0080337,5.6971e-05,0.000837,0.07626,0.0040263,0.0037576,0.001703,0.016647,0.061969,0.0022187,0.0014765,0.0014713,0.000992,0.098177,0.0009303,0.0099295,0.0013719,0.029171,0.10757,0.1391,0.20119
0.093698,0.00073352,0.0090677,0.00080338,0.05718,0.054684,0.001139,0.0011382,0.0012736,0.00093,0.069843,0.0023259,0.005533,0.0012109,0.006262,0.085204,0.0042032,0.0098792,0.0013605,0.0033945,0.07423,0.0028213,0.0071106,0.00023551,0.014834,0.062775,0.00050127,0.001688,0.000508,0.002511,0.097123,0.0012556,0.0080939,0.0020077,0.027807,0.11177,0.14539,0.20528
0.094147,0.00078812,0.0087111,0.0015409,0.057753,0.055676,0.0010548,0.0006447,0.00070639,0.001023,0.070696,0.0013432,0.0042405,0.0021733,0.0055335,0.088428,0.0029902,0.010335,0.0015848,0.0021235,0.073997,0.0036008,0.005925,0.001601,0.016089,0.062047,0.001775,0.0015146,0.00038714,0.0008525,0.098782,0.00061656,0.0085897,0.00052875,0.03021,0.10858,0.14514,0.20251
0.094039,0.0013402,0.013456,0.00066522,0.057924,0.054235,0.0016382,0.0019656,0.00018312,0.0009765,0.072013,0.002104,0.0052246,0.0029118,0.00682,0.090629,0.003821,0.010402,0.0024378,7.75e-05,0.075609,0.0018434,0.0067296,0.0025104,0.014415,0.06231,0.00062938,0.0036819,0.0017401,0.001581,0.097712,0.0013225,0.011521,8.1955e-05,0.030566,0.10859,0.14317,0.20169
0.091915,0.0010376,0.012493,0.0017284,0.055893,0.053227,0.0021672,0.0015139,0.0012441,3.1e-05,0.068712,0.004151,0.002977,0.0025889,0.0064635,0.091884,0.0026089,0.007802,0.00098529,0.001364,0.074757,0.0037621,0.0028055,0.002093,0.015609,0.062357,0.0018575,0.0019425,0.0014176,0.0009455,0.095604,0.0025037,0.00962,0.00065925,0.027869,0.11078,0.14541,0.20536
0.094209,0.00045213,0.0092225,0.0015213,0.05611,0.054235,0.0013331,0.002218,0.00054512,0.0009765,0.067704,0.0045818,0.0034302,0.0015822,0.006634,0.084816,0.0019383,0.0080271,0.0015909,0.002108,0.072943,0.0031952,0.0049247,0.0019012,0.015686,0.060776,0.0011025,0.0020279,0.001472,0.0010075,0.097604,0.0019267,0.007272,0.0012411,0.027947,0.11189,0.14789,0.20793
0.097092,0.0015932,0.012335,0.00098596,0.059427,0.0547,0.0010498,0.0011324,0.001154,0.0007595,0.068526,0.0042866,0.0027993,0.0012166,0.0048825,0.086149,0.0026149,0.0079809,0.0014899,0.000775,0.074586,0.0035574,0.0047789,0.0022544,0.015252,0.059954,0.00099237,0.0020899,0.0013182,0.00031,0.10056,0.0021154,0.0087889,0.0014985,0.033883,0.11083,0.14231,0.2053
0.09703,0.0011895,0.008828,0.00099034,0.058993,0.053723,0.0014975,0.0018414,0.0014157,0.000868,0.069735,0.0035704,0.0049151,0.0030197,0.0073315,0.086382,0.0036083,0.0075081,0.0029249,0.0001085,0.072742,0.0027753,0.00673,0.002373,0.014245,0.061055,0.0017326,0.0025968,0.00081834,0.0013795,0.099076,0.00047156,0.0072635,0.0023373,0.031496,0.10996,0.1455,0.2048
0.095031,0.00073085,0.007627,0.00031718,0.057428,0.055211,0.0016366,0.0017874,0.001545,6.2e-05,0.068557,0.0024803,0.0037471,0.0019847,0.0071765,0.085405,0.0032159,0.0089748,0.00064237,0.000155,0.073734,0.0032512,0.0051226,0.0026517,0.015454,0.06245,0.00086724,0.0020341,0.00072561,0.0022475,0.097232,0.0011386,0.0055217,0.00053916,0.028815,0.11104,0.14537,0.20596
0.095914,0.00095978,0.012137,0.00073389,0.059055,0.055072,0.0011961,0.001743,0.00066115,0.0003565,0.070339,0.0019568,0.004943,0.0033893,0.005115,0.089032,0.004116,0.0079861,0.0029018,0.001178,0.076012,0.0027653,0.0064008,0.0031188,0.016709,0.063938,0.0013323,0.0024859,0.0015891,0.0031465,0.094147,0.00059602,0.0076001,0.0011654,0.030845,0.10814,0.14396,0.20344
0.096891,0.00039323,0.01167,0.00022051,0.059288,0.054343,0.0012302,0.0013733,0.00085589,0.000682,0.069642,0.0027776,0.0030257,0.0031257,0.0067425,0.084894,0.0025954,0.0032999,0.0017574,0.0002015,0.07547,0.0037344,0.0042333,0.0036211,0.015826,0.064186,0.00033363,0.0018013,0.00091787,0.0004495,0.097883,0.000625,0.0087897,0.0018716,0.030644,0.10996,0.14305,0.20369
0.095093,0.00066444,0.0092212,0.001394,0.060776,0.055289,0.00077277,0.00050678,0.00084903,0.0007595,0.068123,0.0034132,0.0016818,0.0020189,0.0066805,0.088676,0.0054965,0.0017849,0.00043992,0.0010695,0.07316,0.0031276,0.002038,0.0030609,0.013702,0.063364,0.00060087,0.00069939,0.0018804,0.000496,0.097015,0.0010797,0.0088274,0.0015662,0.031357,0.11031,0.14347,0.2055
0.094333,0.0027682,0.0078909,0.0010365,0.056513,0.055552,0.00060984,0.0023893,0.00039213,0.000155,0.067859,0.0020001,0.0037529,0.0020438,0.006975,0.086366,0.0045631,0.0038933,0.0010196,0.00093,0.072261,0.0016616,0.0041663,0.0013926,0.015128,0.060388,0.0012764,0.0013388,0.00034744,0.000558,0.1001,0.00075247,0.0083695,0.0023272,0.029078,0.11225,0.14336,0.20753
0.091714,0.0021419,0.011052,0.00078164,0.057986,0.055537,0.0027811,0.0024057,0.00049492,0.0015345,0.07392,0.0044751,0.00044736,0.0029299,0.0081065,0.10266,0.0048615,0.0017849,0.0053902,0.0047275,0.080352,0.0064764,0.0017761,0.0049042,0.017205,0.063814,0.0021714,0.0028229,0.0007311,4.65e-05,0.094488,0.0020365,0.0091925,0.001344,0.026691,0.101,0.13911,0.19741
0.090505,0.0030001,0.011924,0.00092574,0.058017,0.05456,0.0020442,0.0023159,0.00074175,0.000434,0.074633,0.0033255,0.00067296,0.0025936,0.0070525,0.10194,0.0040861,0.0025311,0.0056815,0.0037355,0.080538,0.0046059,0.001492,0.0032431,0.016275,0.063349,0.00326,0.0022252,0.0018754,0.0012245,0.096395,0.0023724,0.0085897,0.00038557,0.026273,0.10185,0.13859,0.19764
0.092256,0.00067529,0.014587,0.00060468,0.058311,0.056219,0.0033193,0.0028262,0.0015328,0.0006975,0.075206,0.0045772,0.00061728,0.0017526,0.009021,0.10024,0.0043004,0.00071452,0.004636,0.0028365,0.077702,0.0028638,0.0010618,0.0025103,0.015702,0.066201,0.00206,0.0021813,0.0015638,0.0002945,0.097945,0.0012362,0.010637,0.0019916,0.027637,0.10094,0.13801,0.19528
0.094194,0.0036272,0.013363,0.002631,0.060528,0.053506,0.0035401,0.00057371,0.00087595,0.001147,0.074121,0.005007,0.00087517,0.0037808,0.005301,0.101,0.0036036,0.0054911,0.0059077,0.000124,0.078585,0.0050626,0.0024261,0.003325,0.018445,0.06276,0.0035169,0.0021028,0.0013699,0.0007595,0.095837,0.0027566,0.011788,0.00085463,0.026831,0.10151,0.13803,0.20046
0.091326,0.0028686,0.01099,0.0019146,0.058373,0.05532,0.0036201,0.0028185,0.00096329,0.0015965,0.073145,0.0047442,0.00093938,0.0029584,0.0058745,0.10225,0.0046054,0.0039513,0.0063632,0.0014725,0.078802,0.0042373,0.0013557,0.0049203,0.016647,0.063798,0.0034143,0.0021266,0.00017918,0.002604,0.097433,0.0026975,0.0092443,0.0021168,0.027373,0.1025,0.13687,0.19856
0.09145,0.0024925,0.012215,0.00075704,0.058497,0.054638,0.0018859,0.0019452,0.00057805,1.55e-05,0.075423,0.0040605,0.0020296,0.0028592,0.008928,0.10283,0.0043519,0.00039517,0.003918,0.001922,0.081267,0.0042355,0.00023042,0.0039733,0.018275,0.061985,0.0022198,0.0023955,0.0005115,0.0008525,0.096674,0.0032081,0.0071536,0.00069447,0.026614,0.10196,0.13652,0.19725
0.094581,0.0035664,0.021763,0.0019934,0.062961,0.055087,0.0026304,0.0021948,0.00099643,0.000868,0.07671,0.0025164,0.003245,0.0031029,0.0059055,0.10673,0.0045726,0.0036556,0.004092,0.002449,0.08494,0.0025765,0.0076586,0.0021652,0.023064,0.061194,0.0018914,0.001426,0.00096222,0.00124,0.093372,0.0022794,0.018747,0.00054695,0.033418,0.098518,0.13725,0.19161
0.090396,0.0025771,0.013826,0.0017232,0.05859,0.05811,0.0031978,0.0028787,0.0015528,0.0009455,0.075392,0.0032784,0.0012232,0.0028505,0.00899,0.10286,0.0067314,0.0019226,0.0026632,0.001457,0.081561,0.004802,0.00080838,0.0043116,0.018693,0.06307,0.0022407,0.0026849,0.00066908,0.0010075,0.096829,0.0016695,0.0098043,0.00096261,0.029001,0.10087,0.13718,0.19373
0.090815,0.0015368,0.014978,0.0014324,0.057676,0.055738,0.0026171,0.002263,0.0010683,0.000682,0.078756,0.0047497,0.0038432,0.0023593,0.010153,0.10329,0.0059159,0.0026872,0.0023919,0.001674,0.079391,0.0054547,0.0033792,0.0031289,0.01612,0.064527,0.0033963,0.0044273,0.00033878,0.0017825,0.09438,0.0032922,0.010139,0.00064809,0.02618,0.10104,0.13803,0.19403
0.091698,0.0021787,0.015686,0.001011,0.058931,0.053754,0.0028134,0.0025474,0.00070751,0.000465,0.078678,0.0045821,0.0018245,0.0011775,0.007626,0.10149,0.0044501,0.0033515,0.0017874,0.003689,0.08122,0.0040471,0.0038195,0.0028697,0.016957,0.063736,0.0015194,0.0031333,0.00088217,0.000744,0.096472,0.0024009,0.0089495,0.0005437,0.026164,0.10222,0.13532,0.19541
0.093,0.001507,0.025017,0.00097475,0.063178,0.054049,0.0025027,0.0016349,0.00067961,0.0005425,0.078058,0.0041815,0.000682,0.00087017,0.00651,0.10205,0.0056626,0.0036344,0.001338,0.005394,0.081639,0.0052118,0.0029663,0.0039143,0.017066,0.059908,0.0012047,0.0019648,0.00075262,0.0008525,0.090846,0.0018241,0.016589,0.0012421,0.034395,0.098875,0.14689,0.19468
0.091497,0.0023534,0.015811,0.00066284,0.060032,0.056916,0.0034308,0.0036404,0.0008718,0.000465,0.079515,0.0048275,0.0017148,0.0019055,0.010261,0.10816,0.0059033,0.0011651,0.0018533,0.00341,0.082879,0.0046971,0.0016568,0.0038913,0.01409,0.064201,0.0026187,0.0036613,0.00039986,0.001209,0.09455,0.0029642,0.0091252,0.00030985,0.024397,0.097805,0.13313,0.19135
0.091264,0.0025902,0.014949,0.0016332,0.0589,0.054948,0.0029733,0.0015254,0.00075969,0.0007595,0.072044,0.0036078,0.00097367,0.0026589,0.006479,0.099743,0.0070702,0.0012276,0.0040268,0.0027435,0.077283,0.0055432,0.0016503,0.0037684,0.016523,0.064403,0.0028692,0.0016512,0.00083026,0.0003255,0.095124,0.0013296,0.0098615,0.0018597,0.027265,0.10459,0.14127,0.19933
0.093062,0.0041512,0.01192,0.0029168,0.058311,0.054948,0.0030849,0.0019271,0.0015411,0.0002635,0.072866,0.0027098,0.0011467,0.0036171,0.0073315,0.099913,0.0059286,0.0018883,0.0025489,0.000248,0.077872,0.0043996,0.0015055,0.0029813,0.015965,0.063256,0.0030551,0.002532,0.002213,0.0016585,0.09717,0.0038335,0.0085267,0.0017785,0.027451,0.10287,0.13882,0.19922
0.094581,0.0031234,0.012845,0.0017707,0.059861,0.054591,0.0032072,0.0010545,0.00026737,0.000155,0.07595,0.0039369,0.0017746,0.0018777,0.006386,0.096426,0.0063179,0.00039609,0.0032187,0.0007905,0.078337,0.0048668,0.001515,0.0029767,0.016554,0.06355,0.0027343,0.0020397,0.001137,0.000186,0.097309,0.0033542,0.0074219,0.00036146,0.027745,0.10114,0.13888,0.19924
0.089482,0.0029022,0.015423,0.00062837,0.058699,0.05518,0.0034639,0.0028332,0.0017063,9.3e-05,0.078694,0.004735,0.0021594,0.0016994,0.011796,0.11126,0.0079776,0.0029735,0.0067239,0.00341,0.085142,0.0055773,0.00077081,0.0053113,0.022708,0.06524,0.0022018,0.002821,0.0010342,0.0021235,0.091047,0.0027556,0.013017,0.0024739,0.016523,0.091218,0.14427,0.18846
0.090179,0.0029912,0.013054,0.0015637,0.056606,0.056265,0.0022247,0.0024033,0.0019041,0.001829,0.07347,0.0041221,0.0020908,0.0028543,0.009362,0.10041,0.0063107,0.0014248,0.0053364,0.000372,0.07781,0.0038626,0.0012804,0.0032298,0.018352,0.064713,0.0028364,0.0014767,0.00090335,0.0006975,0.094504,0.0034244,0.010837,0.0024833,0.02432,0.10145,0.14131,0.19989
0.093589,0.00097295,0.021081,0.00050078,0.063643,0.055289,0.002605,0.001137,0.0011529,0.0010695,0.07502,0.0030624,0.0017139,0.0027887,0.004619,0.1016,0.0037895,0.00496,0.005768,0.0008525,0.084274,0.0034647,0.0077371,0.0032642,0.021003,0.061303,0.0014665,0.0014637,0.0014069,0.0022785,0.093496,0.0010437,0.017473,0.00029014,0.034751,0.098751,0.14277,0.19391
0.09469,0.0016766,0.021313,0.0015489,0.060838,0.05408,0.0021586,0.0012824,0.0012439,0.0003255,0.074462,0.0021659,0.0028896,0.0024215,0.005115,0.10137,0.0033197,0.0062419,0.0046093,0.000775,0.083995,0.0024297,0.0075332,0.0027245,0.022243,0.061427,0.0017575,0.0022611,0.0005364,0.0026195,0.094318,0.0019191,0.020104,0.0015159,0.035418,0.099619,0.1379,0.19814
0.095434,0.0036855,0.014203,0.0015832,0.061675,0.054591,0.0025324,0.0014701,0.0010652,9.3e-05,0.071874,0.0038741,0.0027463,0.0024557,0.0083545,0.099138,0.0069576,0.0074973,0.0062125,0.000186,0.076896,0.004689,0.0036697,0.0036569,0.015702,0.065333,0.0029,0.0020165,0.00076086,0.0009765,0.09655,0.00051265,0.011371,0.00061065,0.02494,0.10159,0.13987,0.19873
0.095449,0.0024774,0.011689,0.00071669,0.060605,0.053398,0.0022762,0.0017485,0.00095216,0.0006355,0.072556,0.0041394,0.0029994,0.0029567,0.0079825,0.097263,0.0057372,0.010208,0.0039763,0.0013795,0.078833,0.0055435,0.0042053,0.003837,0.013578,0.061613,0.0024302,0.00088784,0.00080724,0.0003255,0.096565,0.0025644,0.0099231,0.0015275,0.028799,0.10244,0.1422,0.19969
0.094659,0.0013366,0.014478,0.0015906,0.06059,0.053971,0.0021202,0.00028581,0.0014071,0.001085,0.070448,0.0042943,0.001466,0.001457,0.0069285,0.098007,0.0059432,0.010746,0.0046196,0.0019685,0.076725,0.0038206,0.00461,0.0042237,0.016399,0.062388,0.0023381,0.0013481,0.00055609,7.75e-05,0.097759,0.0019264,0.011509,0.0020883,0.028536,0.10478,0.1401,0.20116
0.098255,0.0027802,0.012882,0.00041618,0.061489,0.055599,0.0038845,0.0015146,0.00054652,0.0005115,0.065302,0.003924,0.0013208,0.0010385,0.0068355,0.07719,0.0061169,0.0043692,0.00096355,0.00155,0.067844,0.0038917,0.00097107,0.00098761,0.01161,0.05997,0.0031851,0.00043428,0.0003619,0.0006665,0.10263,0.0048988,0.012563,0.0020847,0.038828,0.11871,0.14133,0.21317
0.097526,0.0026205,0.0092927,0.0011489,0.057629,0.053491,0.0039766,0.00082675,0.00049086,0.0005735,0.063054,0.0040452,0.0014381,0.0011393,0.006696,0.079422,0.0047214,0.0036086,0.00047893,0.001209,0.066836,0.0042395,0.00082077,0.001831,0.011284,0.06045,0.0017008,0.0017155,0.00032346,0.000403,0.10046,0.0033699,0.0080784,0.0021518,0.034116,0.11875,0.14603,0.21399
0.098224,0.0030605,0.011013,0.001503,0.057056,0.054328,0.0026901,0.0004495,0.00066851,0.0003255,0.066418,0.0043793,0.0019168,0.00097264,0.0069285,0.083034,0.0047836,0.006307,0.00087157,0.0028675,0.071626,0.0033734,0.0016568,0.001025,0.011331,0.062016,0.0025041,0.00028285,0.0014717,7.75e-05,0.098921,0.0035875,0.011168,0.00093439,0.032674,0.1167,0.13891,0.20982
0.09641,0.0047217,0.012297,0.001361,0.056637,0.054018,0.0035407,0.0010974,0.00078929,0.0006665,0.067549,0.0048418,0.0018023,0.0031175,0.006851,0.083468,0.004102,0.0023559,0.00085815,0.0027125,0.071486,0.0055806,0.0015528,0.0026588,0.013454,0.06245,0.0032422,0.00062174,0.00076838,0.0002015,0.099572,0.0029479,0.010667,0.0005931,0.034441,0.11668,0.13852,0.20984
0.098363,0.0041461,0.0131,0.00046722,0.060171,0.055072,0.0032222,0.00082791,0.00053636,0.0005115,0.066774,0.0039386,0.00072304,0.00069983,0.006758,0.083716,0.0038002,0.0056418,0.00070626,0.0010695,0.072912,0.0047231,0.0010268,0.0011763,0.011036,0.063535,0.0047748,0.0013701,0.00070742,0.0005115,0.099929,0.0047469,0.010341,0.00060441,0.033124,0.11405,0.13817,0.20748
0.094938,0.0035113,0.011179,0.0013832,0.057676,0.057102,0.002551,0.0011113,0.00036571,0.001488,0.069037,0.0050279,0.00080838,0.00043499,0.006231,0.084336,0.0040746,0.0042102,0.0012375,0.0029915,0.073284,0.00448,0.0028822,0.0016271,0.012276,0.061659,0.0032142,0.0018152,0.00088392,0.001054,0.10094,0.0028694,0.01015,0.00089379,0.036301,0.1138,0.13835,0.20655
0.096193,0.0034686,0.011326,0.0011275,0.058931,0.055909,0.003528,0.0013381,0.00017897,0.0004805,0.066604,0.0040691,0.0002707,0.002076,0.0087885,0.080476,0.0034653,0.0040541,0.0009068,0.000589,0.072106,0.0050081,0.00081578,0.0021708,0.012431,0.061411,0.004292,0.0019514,0.0019014,0.000682,0.10145,0.0025978,0.0098893,0.00057176,0.036627,0.1162,0.13845,0.2112
0.099712,0.0044817,0.01341,0.0025108,0.05997,0.05439,0.0027866,3.4659e-05,0.00014984,0.0001705,0.065643,0.0041141,0.0023959,0.0013853,0.0050375,0.082274,0.0044424,0.003074,0.0013317,0.001488,0.070432,0.0041979,0.0019032,0.0012219,0.011656,0.059861,0.0030461,9.8031e-05,0.00062279,0.001023,0.10216,0.0031389,0.011095,0.00061401,0.036534,0.11606,0.14001,0.20945
0.097821,0.0028292,0.015686,0.0004954,0.061024,0.054281,0.0043253,0.0010057,0.00065862,0.00031,0.069161,0.0044573,0.0022342,0.001688,0.007533,0.082972,0.0029184,0.0021316,0.0018045,0.0040145,0.071223,0.0041377,0.0024851,0.00080894,0.010742,0.061458,0.0034099,0.0009322,0.0010107,0.0010695,0.098906,0.0039892,0.011475,0.00105,0.034426,0.11476,0.14114,0.20827
0.09624,0.0030588,0.0089462,0.0014265,0.05594,0.055754,0.0028884,0.0009455,0.0011181,0.0001705,0.065751,0.004579,0.0011651,0.0010238,0.005704,0.081081,0.0034938,0.004035,0.0011302,0.0009455,0.072323,0.0044567,0.0013864,0.0023159,0.010819,0.062853,0.0041288,0.0006053,0.001352,0.0009145,0.10222,0.002311,0.0094766,0.00088386,0.034705,0.11594,0.13772,0.21012
0.097604,0.002239,0.012664,0.00057661,0.058668,0.056994,0.0036974,0.001571,0.0006856,0.0007905,0.068154,0.0036525,0.0023561,0.0018997,0.0051925,0.082553,0.0044538,0.0027928,0.0019013,0.001519,0.072819,0.0056569,0.0022253,0.0030277,0.013051,0.06152,0.0028408,0.0012843,0.00074006,0.0005735,0.099247,0.002635,0.013674,0.0015439,0.036286,0.11396,0.13904,0.20812
0.096069,0.0015854,0.01274,0.00072799,0.05704,0.056591,0.0030151,0.00065413,0.00090965,0.0001085,0.066263,0.0038063,0.0023995,0.0020523,0.0079515,0.08184,0.0032736,0.002911,0.0024248,0.003472,0.071502,0.0032395,0.00095006,0.0015395,0.012385,0.06107,0.0032563,0.00048125,0.00097808,0.000496,0.10194,0.0018395,0.01177,0.0016341,0.034581,0.1172,0.13902,0.20851
0.096782,0.0040585,0.013128,0.0019253,0.056792,0.054731,0.001705,0.00033994,0.00077231,0.0005115,0.067766,0.0041646,0.0003403,0.0018748,0.006603,0.081282,0.002835,0.0039371,0.00086052,0.003038,0.073036,0.0027735,0.0012228,0.001649,0.010602,0.062341,0.0022542,0.00059022,0.0011141,0.000124,0.098782,0.0042756,0.011416,0.0017522,0.033992,0.11602,0.13995,0.20931
0.095542,0.0027058,0.010604,0.00087372,0.054777,0.056265,0.0034666,0.0017218,0.0014195,0.002139,0.06524,0.0040509,0.0017216,0.0018079,0.0077965,0.084615,0.0024986,0.0036124,0.00060988,0.0018135,0.069828,0.0038161,0.0011732,0.0015289,0.010494,0.060636,0.00216,0.0015789,0.001356,0.00031,0.10129,0.0023231,0.0094289,0.00079145,0.036007,0.11747,0.13972,0.20939
0.098735,0.0037487,0.013788,0.002019,0.061938,0.056792,0.0039306,0.00041879,0.0010124,0.000961,0.067146,0.0051545,0.0018832,0.0010282,0.004867,0.083127,0.0033237,0.0025543,0.00090618,0.0028055,0.070541,0.003455,0.0011662,0.0015814,0.011021,0.062279,0.0034756,0.0018878,0.00083338,0.000682,0.099371,0.004243,0.010308,0.0011581,0.034581,0.11442,0.13992,0.20767
0.096813,0.0031214,0.011135,0.00078993,0.058125,0.05563,0.0053057,0.00044412,0.0020927,1.55e-05,0.067875,0.0034436,0.0015323,0.00146,0.0073625,0.080988,0.0050281,0.0028975,0.0017722,0.0036735,0.073052,0.0036861,0.0022411,0.001022,0.011331,0.063209,0.0044878,0.00076565,0.000716,0.000589,0.10039,0.0036027,0.010657,0.0011031,0.035418,0.11589,0.13925,0.20689
0.096984,0.001907,0.0093124,0.00060681,0.057335,0.055149,0.0027948,0.00034659,0.00083765,0.000899,0.067007,0.0050578,0.0011217,0.0026984,0.0068975,0.082011,0.0045292,0.0068187,0.00074819,0.0009765,0.071843,0.0041952,0.0015535,0.0029487,0.012571,0.062884,0.0025156,0.0022344,0.0015724,0.0001395,0.097619,0.0027827,0.0068269,0.0021742,0.032364,0.11608,0.14052,0.2099
0.096209,0.0031436,0.012913,0.0011105,0.058575,0.055583,0.0029335,0.0012,0.0013471,0.001488,0.067596,0.0042123,0.0033416,0.0016691,0.0073935,0.081019,0.0038699,0.0021357,0.00036155,0.0035805,0.072106,0.0046474,0.0030611,0.0012151,0.011191,0.061163,0.0032229,0.0011162,0.002739,0.00062,0.10197,0.0025252,0.010196,0.0017646,0.036844,0.11614,0.13873,0.20948
0.096782,0.0040738,0.011118,0.0014671,0.058435,0.055754,0.0037724,0.0010939,0.00072827,0.0013795,0.067007,0.0045132,0.0018997,0.00085628,0.0067115,0.083096,0.0048218,0.0026316,0.00074105,0.0037355,0.06882,0.0028818,0.0013334,0.0022526,0.010292,0.061768,0.003681,0.00065266,0.00085643,0.0004185,0.1014,0.0037222,0.010842,0.00037993,0.036425,0.11571,0.13927,0.2104
0.096968,0.004169,0.010818,0.0014535,0.05952,0.055568,0.0021606,0.0002015,0.0010652,0.0008835,0.065782,0.0039532,0.00048075,0.0017632,0.007037,0.083948,0.0039505,0.0035144,0.0001837,0.003751,0.070603,0.0042854,0.0016028,0.0021537,0.01006,0.064403,0.0034249,0.001392,0.00093121,0.0006975,0.10179,0.0026987,0.011778,0.0010504,0.035015,0.11554,0.13814,0.20727
0.094891,0.0014741,0.0091043,0.00063364,0.060078,0.055087,0.001004,0.0014907,0.0012283,0.000434,0.070355,0.0047044,0.0016028,0.0013,0.0094395,0.094256,0.0056317,0.004077,0.001584,0.0016895,0.076183,0.004854,0.0026044,0.00093128,0.0084475,0.064511,0.0042056,0.0021492,0.00091855,0.001302,0.097154,0.0021991,0.0056424,0.0020514,0.03286,0.10879,0.139,0.19976
0.09407,0.0030359,0.0070623,0.002342,0.056002,0.054188,0.0028918,0.0020196,0.00076872,0.001209,0.074245,0.0049009,0.0007784,0.00056246,0.011532,0.093946,0.006179,0.0050141,0.00175,0.0040765,0.076787,0.0046066,0.0043228,0.0010708,0.00961,0.062868,0.0033162,0.0016603,0.0016491,0.000589,0.098456,0.0046144,0.0043887,0.000722,0.031651,0.10779,0.13745,0.2002
0.093326,0.0019294,0.0090739,0.0012098,0.05532,0.054421,0.0028145,0.0020948,0.00049786,0.0005115,0.0713,0.0045393,0.0017385,0.001889,0.011036,0.094101,0.0052452,0.0031126,0.00072838,0.0040145,0.079097,0.0046332,0.0037862,0.0016554,0.01006,0.063318,0.0016686,0.0017892,0.00056095,0.0013485,0.094783,0.0028678,0.0074169,0.0013432,0.027699,0.10723,0.14234,0.20009
0.092768,0.0027504,0.010683,0.000392,0.057304,0.055552,0.0027463,0.0011432,0.0020361,0.001302,0.074338,0.004416,0.00036483,0.00043949,0.009393,0.09624,0.0047905,0.0023743,0.00045839,0.0023715,0.077748,0.0052268,0.001715,0.00025016,0.010509,0.063163,0.0018763,0.0013531,0.001499,0.0005425,0.096689,0.0024985,0.0082641,0.00025373,0.032705,0.10732,0.13656,0.19962
0.09517,0.002306,0.011596,0.00099377,0.05766,0.053677,0.0038065,0.00077887,0.0010239,7.75e-05,0.071486,0.0049888,0.0017754,0.0015046,0.007812,0.096689,0.0052483,0.0038099,0.00034343,0.00155,0.078337,0.0073816,0.0015477,0.0034693,0.012958,0.06324,0.0027048,0.0015827,0.0012768,0.001767,0.094504,0.0012373,0.0074027,0.0019415,0.027947,0.10645,0.14297,0.19747
0.094008,0.0027163,0.013392,0.0015522,0.056901,0.054266,0.0036913,0.0014771,0.0015536,0.0013175,0.073703,0.0059009,0.0023458,0.00048958,0.0079205,0.094984,0.0036591,0.0046083,0.00080176,0.000713,0.078043,0.0051885,0.0015783,0.0023178,0.013222,0.062574,0.0024849,0.0019022,0.0011549,0.0007905,0.095635,0.002252,0.0085832,0.0018876,0.028489,0.10735,0.14153,0.1979
0.090195,0.0038989,0.0082946,0.0011099,0.055103,0.054731,0.0031354,0.0018526,0.00083388,0.0002945,0.07268,0.004347,0.0035526,0.0011629,0.0075175,0.10309,0.0062558,0.0066764,0.0015882,0.0038595,0.078787,0.0051854,0.004015,0.00073416,0.013191,0.061287,0.0033536,0.0018715,0.00045383,6.2e-05,0.093264,0.0022025,0.006252,0.0017831,0.031171,0.10734,0.14004,0.19859
0.092954,0.0042209,0.0056579,0.0018466,0.057552,0.054994,0.0030497,0.0028168,0.0014244,0.000651,0.072618,0.0047869,0.0004527,0.0009031,0.0096875,0.098627,0.0054685,0.0051171,0.001333,0.0006355,0.077547,0.0044872,0.0019221,0.002789,0.010742,0.061659,0.003183,0.0014705,0.00049269,0.001147,0.094209,0.0018179,0.0036394,0.001357,0.03038,0.10858,0.13992,0.1989
0.093202,0.0038905,0.010479,0.0012872,0.058079,0.053925,0.0029486,0.00016477,0.00056532,0.0014415,0.073114,0.0044125,0.0015479,0.00069308,0.011021,0.09672,0.004314,0.0039369,0.002313,0.002821,0.080321,0.0039171,0.0026899,0.0028573,0.011439,0.064356,0.0035095,0.0009413,0.00081647,0.001054,0.095372,0.0044926,0.0080602,0.0017304,0.028629,0.10635,0.14172,0.19493
0.09407,0.0027568,0.0051749,0.00079338,0.057676,0.055986,0.0020998,0.001941,0.0011978,0.000589,0.072044,0.0048854,0.0025372,0.00055048,0.010695,0.096953,0.0052363,0.002587,0.0013003,0.0021855,0.077221,0.0040565,0.0034622,0.0028603,0.006789,0.060915,0.00082826,0.0019066,0.00041261,0.000434,0.095046,0.0018824,0.0059961,0.00065303,0.030287,0.10859,0.13786,0.20131
0.094178,0.002433,0.0082721,0.0018285,0.057071,0.055785,0.0032196,0.00072121,0.001266,0.0004495,0.073749,0.0048146,0.0019071,0.0013233,0.011036,0.0961,0.0050785,0.0034241,0.00044987,0.001364,0.078167,0.0043517,0.0025744,0.00145,0.0077965,0.062202,0.0016477,0.0011075,0.00079372,0.0008215,0.096813,0.0022268,0.0072972,0.0017844,0.029946,0.10773,0.13694,0.19834
0.090055,0.0015001,0.0082979,0.0016278,0.053785,0.05532,0.0015538,0.0015464,0.0013088,0.0008525,0.073796,0.0034262,0.0017208,0.0020689,0.010773,0.099991,0.0045377,0.0022002,0.001364,0.0017205,0.079546,0.0024506,0.0020481,0.001776,0.008866,0.064093,0.0020763,0.001312,0.0016606,0.0006355,0.095899,0.0005299,0.0076111,0.0012995,0.031543,0.10723,0.13659,0.19749
0.094116,0.0024023,0.0094242,0.00083115,0.057164,0.055614,0.0029715,0.00067705,0.0019187,0.00062,0.071579,0.0044818,0.001953,0.0022823,0.005735,0.093682,0.004734,0.00076846,0.0013622,9.3e-05,0.076679,0.0054506,0.0031126,0.0031201,0.01068,0.064325,0.0017295,0.00015807,0.00090824,9.3e-05,0.095325,0.001369,0.0080229,0.0016253,0.030442,0.10884,0.13828,0.20156
0.093031,0.0019998,0.0074134,0.0014852,0.055924,0.055227,0.0028814,0.0013128,0.0004822,0.0011935,0.070727,0.0028537,0.0016157,0.0015827,0.0073625,0.092985,0.0031652,0.00051989,0.0017668,0.0022165,0.076555,0.0033199,0.00078746,0.0017392,0.0099045,0.061039,0.0019855,0.0015934,0.0008183,0.001333,0.099991,0.00109,0.006875,0.0018356,0.032504,0.11028,0.13976,0.2004
0.091295,0.0014255,0.0066386,0.001156,0.054157,0.057211,0.0028846,0.0018804,0.0015686,0.0008525,0.072122,0.0036896,0.0023255,0.0010599,0.0064635,0.094566,0.0046897,0.0035297,0.00051794,0.0033015,0.076105,0.0040462,0.0014235,0.0017033,0.01085,0.061799,0.0035879,0.00036973,0.0015187,0.0002635,0.095899,0.0018623,0.0061114,0.0002852,0.03207,0.10907,0.13891,0.20302
0.094023,0.0021236,0.0092385,0.0019467,0.055769,0.055661,0.0019926,0.0013481,0.0010039,0.0011625,0.072044,0.0039476,0.0011576,0.00088169,0.008835,0.097387,0.0032561,0.00076013,0.0011578,0.0041695,0.080662,0.0042267,0.00055886,0.0017335,0.012152,0.063984,0.0011947,0.0025625,0.0013932,0.001612,0.096302,0.0013103,0.0075562,0.00099006,0.030768,0.10614,0.13693,0.19687
0.094054,0.0021564,0.012693,0.0021269,0.056358,0.054746,0.0019243,0.00090114,0.0011697,0.001488,0.076028,0.0034452,0.0020251,0.00084283,0.0069905,0.099526,0.0049923,0.0026175,0.0025033,0.0016585,0.084243,0.0035784,0.0057606,0.00148,0.015175,0.062186,0.002514,0.0012293,0.000407,9.3e-05,0.091233,0.0019953,0.0075187,0.00039099,0.031341,0.10356,0.14269,0.19174
0.095573,0.0013257,0.0072958,0.00050769,0.05735,0.055304,0.0031521,0.001294,0.00040425,0.000837,0.073501,0.0046704,0.0014409,0.0001566,0.007068,0.099247,0.0044736,0.0023607,0.0014727,0.0027125,0.079593,0.0044394,0.001851,0.002281,0.012602,0.062775,0.0027813,0.0012175,0.00057767,0.000496,0.095573,0.0031545,0.0060463,0.002667,0.030597,0.10521,0.13643,0.19679
0.092396,0.0031167,0.010912,0.0011274,0.057211,0.056746,0.0029217,0.00078928,0.001398,0.0002015,0.072106,0.0032326,0.0018951,0.0014592,0.008866,0.094814,0.0044924,0.0025545,0.0003946,0.0023095,0.078973,0.0038952,0.0017836,0.0024713,0.010835,0.063085,0.0044702,0.00054932,0.001109,0.001333,0.096472,0.0026947,0.0073786,0.00039547,0.030318,0.10735,0.13735,0.20071
0.094829,0.0024488,0.0067555,0.0012078,0.056947,0.054607,0.0030432,0.00073048,0.00040464,0.0008215,0.070525,0.0022671,0.00035073,0.00041675,0.009021,0.094008,0.0047827,0.0040642,0.0020425,0.0026505,0.077609,0.0038694,0.0014016,0.0013729,0.01099,0.06448,0.002145,0.0013522,0.00093776,0.002201,0.095093,0.0022536,0.0048986,0.0021515,0.030086,0.10796,0.14105,0.19984
0.092055,0.0032637,0.011713,0.00049662,0.056715,0.055878,0.0025504,0.0014271,0.00078298,0.0010075,0.072943,0.0035024,0.0017532,0.00074795,0.010044,0.097681,0.0041647,0.0012283,0.00065353,0.004247,0.078353,0.0039032,0.0013972,0.0021477,0.011269,0.062093,0.0022501,0.0014896,0.00053471,0.000403,0.096348,0.0028325,0.008959,0.0011618,0.031868,0.10769,0.13835,0.1986
0.091466,0.0064178,0.0044428,0.0024991,0.055661,0.053289,0.0059839,0.0016258,0.0024442,0.000744,0.070603,0.0083349,0.0023184,0.0015339,0.0054095,0.10577,0.009536,0.010011,0.0036239,0.004898,0.080988,0.0081575,0.0044376,0.00077874,0.018461,0.063225,0.0063639,0.0010555,0.00085427,0.0007595,0.09345,0.0064224,0.0040646,0.0015897,0.021561,0.10331,0.14227,0.19563
0.094519,0.0063044,0.0089208,0.0019371,0.059799,0.054033,0.0050886,0.0010783,0.00073406,0.001209,0.068076,0.008254,0.0032154,0.0018162,0.005859,0.089652,0.0075965,0.0077811,0.0017041,0.002666,0.077082,0.0077297,0.0038702,0.0012838,0.017996,0.062899,0.0063605,0.0019788,0.0012877,0.002232,0.099572,0.0058528,0.0066578,0.0009524,0.030101,0.10917,0.14417,0.20083
0.094535,0.0056308,0.0075836,0.0025271,0.059381,0.053336,0.0055065,0.001123,0.001831,1.55e-05,0.06758,0.0074851,0.0024445,0.0003482,0.005208,0.090427,0.0079367,0.0086488,0.0025065,0.001829,0.075888,0.0070867,0.0047483,0.0021373,0.01674,0.061706,0.0065799,0.00088132,0.0010378,0.0016895,0.097898,0.0070147,0.0056974,0.00050734,0.030256,0.10972,0.14463,0.20427
0.095465,0.0049694,0.0098147,0.0013264,0.060807,0.052964,0.007563,0.0013266,0.0015429,0.0011935,0.071068,0.0057712,0.0026416,0.0019769,0.0063085,0.09703,0.00745,0.0051882,0.0039157,0.004402,0.077206,0.0083136,0.0015501,0.00090705,0.01657,0.063426,0.005865,0.0010995,0.0018425,0.000372,0.097464,0.0053653,0.0074788,0.00041935,0.024366,0.10494,0.14195,0.19849
0.095139,0.0057896,0.008651,0.002414,0.061535,0.054095,0.0057435,0.0011316,0.0025703,0.00186,0.071114,0.0085353,0.0028756,0.00056156,0.006913,0.094426,0.0080756,0.0053709,0.0020198,0.00186,0.077221,0.0085897,0.0016038,0.0033586,0.016926,0.062248,0.0059776,0.00081105,0.0013317,0.001147,0.097898,0.0067835,0.0081703,0.00048038,0.029233,0.10649,0.14133,0.20004
0.094085,0.0058032,0.0090139,0.0016773,0.058528,0.053847,0.0057999,0.00038345,0.00065655,3.1e-05,0.070417,0.0076567,0.0020265,0.0018839,0.0082925,0.093713,0.0076927,0.0054653,0.0011625,0.000651,0.07826,0.0070792,0.0024512,0.0028709,0.017221,0.062651,0.0046757,0.00013864,0.002161,0.002077,0.097433,0.0062046,0.0087297,0.00085213,0.030287,0.10731,0.14159,0.20069
0.094457,0.0055344,0.0088914,0.00096966,0.05828,0.052638,0.0056614,0.00082369,0.0019796,0.000744,0.070153,0.0078839,0.0036939,0.0010403,0.003286,0.096038,0.007964,0.0051877,0.0036732,0.003069,0.077361,0.0080323,0.0038775,0.0020083,0.014524,0.061969,0.0069319,0.0017289,0.0026471,0.000868,0.097991,0.0053395,0.0090906,0.0015496,0.028055,0.10763,0.14179,0.19997
0.094612,0.0052034,0.0075981,0.00082631,0.058776,0.052917,0.0061161,0.00025657,0.00088763,6.2e-05,0.068758,0.0075905,0.0031032,0.0014975,0.003751,0.09703,0.0078826,0.0061443,0.0017966,0.00093,0.0775,0.0081026,0.0024238,0.0016266,0.018538,0.062775,0.0062837,0.00050844,0.00064056,0.000775,0.097635,0.0047561,0.0081507,0.00016841,0.030458,0.10655,0.14107,0.20116
0.09469,0.0060627,0.0083642,0.0031071,0.058296,0.052731,0.0057515,0.0018786,0.0017357,0.000248,0.069518,0.0057341,0.0024069,0.00082173,0.0033015,0.092272,0.0084616,0.0027305,0.0022635,0.0004805,0.076415,0.0059809,0.0029134,0.0024536,0.018848,0.063318,0.0067539,0.0010459,0.0020057,0.0004495,0.097883,0.0043063,0.0087827,0.0010628,0.031667,0.10848,0.14145,0.20324
0.094116,0.0031734,0.0081533,0.0019723,0.055025,0.05394,0.0016927,0.0012201,0.00061494,0.000496,0.070587,0.0039028,0.002171,0.00159,0.007502,0.085653,0.0038778,0.0043745,0.0026063,0.000961,0.07409,0.0034491,0.0014778,0.0013327,0.016523,0.061256,0.0017213,0.0019552,0.00058408,0.00124,0.096674,0.0046971,0.0056543,0.00022918,0.029342,0.11146,0.14525,0.20697
0.095108,0.0037171,0.0061203,0.0015582,0.057226,0.054808,0.0027155,0.0012295,0.0009654,0.000372,0.069456,0.0041349,0.003869,0.0015729,0.0088505,0.08911,0.0038923,0.0062412,0.0005524,0.0011005,0.072215,0.0028293,0.0037109,0.0012913,0.014245,0.062109,0.0032081,0.0030643,0.0013802,0.0015965,0.099138,0.0043025,0.0067735,0.0024243,0.030969,0.11104,0.14296,0.20406
0.094178,0.0024557,0.011012,0.0011021,0.058683,0.055087,0.0027806,0.0019734,0.0014638,0.000558,0.071672,0.0040466,0.0023291,0.001158,0.003658,0.091853,0.004506,0.0020881,0.0022448,0.001085,0.078523,0.0045984,0.0074691,0.0019039,0.01798,0.062977,0.0032405,0.0020341,0.00084287,0.0005735,0.097759,0.0033637,0.011571,0.0010296,0.032659,0.10776,0.13959,0.2006
0.096395,0.0037839,0.010001,0.0014261,0.057149,0.054405,0.0030403,0.0015025,0.00090686,0.000155,0.071006,0.0029667,0.0040413,0.0010646,0.0014105,0.086165,0.0060042,0.0043833,0.0011918,0.0013485,0.076307,0.0032297,0.0083064,0.00093209,0.019484,0.063674,0.0035956,0.0011179,0.00090605,0.000589,0.099603,0.0032297,0.012276,0.0013051,0.032953,0.11039,0.14172,0.20034
0.097743,0.0023644,0.0081536,0.00022714,0.060078,0.053584,0.0024231,0.0019437,0.0008095,1.55e-05,0.06448,0.0022657,0.0018152,0.00095906,0.005177,0.082212,0.0041528,0.0047786,0.00334,0.000868,0.069998,0.0040539,0.0029812,0.0013034,0.015097,0.061411,0.0030659,0.0004519,0.00054912,0.001426,0.10005,0.0016794,0.0067253,0.00087655,0.034767,0.11636,0.14506,0.2091
0.095573,0.0028337,0.010664,0.0011707,0.058435,0.055304,0.0043923,0.0013587,0.00059798,0.000558,0.067115,0.0042079,0.0028872,0.001446,0.003503,0.086971,0.0057341,0.0032404,0.0023758,0.0001085,0.074369,0.0026947,0.0074602,0.0019466,0.016926,0.060745,0.0019398,0.0012389,0.001496,0.0009455,0.096023,0.00484,0.0099302,0.0018732,0.032783,0.11279,0.14717,0.20393
0.096054,0.0063646,0.0078122,0.0025134,0.059877,0.054653,0.0061589,0.0016481,0.0028058,0.000124,0.067968,0.0071666,0.0024033,0.0015301,0.0066805,0.088846,0.0054595,0.0047599,0.00076933,0.000899,0.07516,0.0069649,0.0026481,0.0024118,0.015237,0.061892,0.0067368,0.0013826,0.0010089,0.0008835,0.10072,0.0052506,0.0077969,0.0021729,0.031248,0.10697,0.14348,0.20426
0.09531,0.0031855,0.0097535,0.0014832,0.058916,0.053165,0.005171,0.0012346,0.00046105,0.000589,0.065984,0.0063441,0.0022804,0.0011262,0.0040455,0.085312,0.0052335,0.0045354,0.0011422,0.001705,0.072323,0.0057435,0.0022398,0.0019705,0.014198,0.060388,0.004748,0.00056357,0.0012581,0.001581,0.10218,0.0042229,0.0092703,0.0003691,0.030628,0.11473,0.14398,0.20663
0.096534,0.0044512,0.012125,0.0010926,0.060884,0.054452,0.004871,0.00061318,0.0012221,0.0004805,0.068433,0.0059556,0.0010459,0.0010349,0.0063085,0.090427,0.0069783,0.0025841,0.0017782,0.000496,0.073408,0.0056456,0.00082979,0.0012155,0.012369,0.064465,0.0049419,0.0019183,0.0022306,0.0002015,0.098627,0.004959,0.0095023,0.0007683,0.031109,0.109,0.14138,0.20328
0.094349,0.0050684,0.0064932,0.0011672,0.056157,0.055072,0.0051992,0.0013941,0.00083339,7.75e-05,0.073393,0.0060045,0.0036428,0.0011821,0.0055645,0.098906,0.0067438,0.0090226,0.0019849,0.0026815,0.080213,0.0070667,0.0034963,0.0025106,0.012447,0.062558,0.0049304,0.0012782,0.0015031,0.000186,0.095744,0.0057519,0.0046817,0.0016318,0.027017,0.10695,0.13594,0.19688
0.095899,0.0047901,0.0087383,0.0012771,0.058668,0.05501,0.0039198,0.001492,0.0005796,0.0016275,0.072029,0.0051576,0.002612,0.002437,0.0076415,0.089559,0.0058999,0.0037932,0.0019084,0.000744,0.07502,0.005727,0.0013825,0.0018714,0.015066,0.059691,0.005172,0.00095461,0.0013341,0.0005115,0.096364,0.0057513,0.0092049,0.00071065,0.028846,0.1092,0.14328,0.20395
0.094504,0.0024773,0.013299,0.0011679,0.056901,0.056048,0.0036364,0.0021294,0.0012459,0.001767,0.072711,0.004894,0.00071317,0.0011062,0.0055955,0.091373,0.0053773,0.0044667,0.0025903,0.0002015,0.077454,0.0038776,0.00073441,0.0011141,0.01471,0.064465,0.0035697,0.0017419,0.0015075,0.0015655,0.097976,0.0039027,0.0096223,0.0016482,0.032287,0.1078,0.13789,0.19978
0.095,0.0042145,0.013268,0.0027578,0.058017,0.056994,0.0038193,0.00047547,0.0023329,0.0001085,0.072943,0.0044576,0.0019716,0.0010158,0.009455,0.093481,0.0046833,0.0025635,0.0025923,0.0011315,0.075671,0.0038734,0.0016258,0.0013901,0.012028,0.064108,0.0035019,0.0010305,0.0014015,0.000682,0.097263,0.0034931,0.011565,0.00061903,0.032194,0.10746,0.13635,0.20073
0.094426,0.0050369,0.013702,0.0022808,0.059024,0.056482,0.0032662,0.0011136,0.0021885,0.000961,0.073393,0.0042842,0.0019518,0.00029298,0.0078275,0.096302,0.0054079,0.0046712,0.0021819,0.0022475,0.076431,0.0040917,0.0038917,0.0029302,0.012788,0.063116,0.0022733,0.00060629,0.00067585,0.000279,0.09841,0.0038969,0.013097,0.0025392,0.032969,0.107,0.13578,0.19866
0.093682,0.0031497,0.012787,0.00083797,0.058714,0.055583,0.0060501,0.0010268,0.00034043,0.001147,0.073687,0.0045963,0.0015625,0.002526,0.00868,0.093961,0.0042238,0.0032587,0.0017544,0.000403,0.078802,0.0052189,0.0032473,0.0043374,0.012772,0.063767,0.0044316,0.00079187,0.00038108,0.000558,0.097619,0.0046953,0.012153,0.0019204,0.033821,0.10759,0.13716,0.19815
0.093868,0.0028717,0.014097,0.0001501,0.058869,0.055754,0.0028882,0.0015282,0.0005841,0.0002635,0.071889,0.0055379,0.0026371,0.0026352,0.006448,0.094612,0.0059201,0.0064791,0.0031173,0.003565,0.078368,0.0057233,0.0042632,0.0033121,0.014973,0.063705,0.0041484,0.0015693,0.00058288,0.000372,0.099402,0.0046408,0.013878,0.00022331,0.031264,0.10773,0.13496,0.19972
0.093698,0.0044613,0.014815,0.00097927,0.057521,0.055056,0.0040837,0.0015798,0.0012689,0.000806,0.072323,0.0055384,0.0032168,0.0021362,0.006727,0.096379,0.0046945,0.0037948,0.0022529,0.001395,0.078058,0.0053268,0.0048884,0.0050874,0.013485,0.065333,0.0035519,0.0010208,0.0014343,0.0002325,0.097046,0.0043427,0.012128,0.0018647,0.027544,0.10628,0.13669,0.19913
0.096705,0.0031244,0.014606,0.0020205,0.060218,0.054808,0.0024577,0.00042165,0.00087887,0.000372,0.070587,0.0040618,0.0032644,0.00040655,0.008773,0.093295,0.0047494,0.0049698,0.0015385,0.0015655,0.075222,0.0037663,0.0041234,0.0016049,0.010618,0.063519,0.0029761,0.0010451,0.00064762,6.2e-05,0.097433,0.002134,0.0142,0.00030575,0.034999,0.10966,0.13776,0.201
0.094349,0.0037708,0.015661,0.00085309,0.058358,0.056916,0.0040911,0.0011817,0.0012821,0.001488,0.071719,0.0046715,0.0019486,0.001215,0.0085715,0.095449,0.0052398,0.0046603,0.0037944,0.004061,0.077857,0.0057654,0.0045717,0.0025822,0.012199,0.062186,0.0046907,0.0011392,0.00081523,0.000589,0.10015,0.0028921,0.014559,0.0013533,0.03393,0.10914,0.13387,0.19837
0.097511,0.0023704,0.014415,0.00018972,0.060528,0.056746,0.0022352,0.0010491,0.00060942,0.0002015,0.068789,0.0046525,0.0020399,0.00063563,0.009455,0.089389,0.0048771,0.0029091,0.0020282,0.0034255,0.073858,0.0042208,0.0024121,0.0033746,0.0094085,0.061706,0.0033078,0.0009536,0.0003794,0.0013485,0.099975,0.0029678,0.01247,0.00070944,0.03379,0.11106,0.13739,0.20358
0.097697,0.0045306,0.019295,0.0010059,0.060776,0.056498,0.0035183,0.0018665,0.0011854,0.0008525,0.070339,0.0034995,0.00267,0.0010941,0.006541,0.088567,0.0044611,0.0044795,0.0010783,0.003441,0.075516,0.0048411,0.0044347,0.0017103,0.014756,0.060946,0.0037333,0.0014527,0.00052311,0.001674,0.099061,0.0039417,0.018107,0.0013251,0.039262,0.10963,0.13694,0.2048
0.097092,0.0040806,0.013608,0.0013079,0.058311,0.054886,0.0042461,0.0013306,0.00030809,1.55e-05,0.072075,0.0047816,0.0027902,0.0016975,0.006417,0.088009,0.0048612,0.0031512,0.00052395,0.002201,0.075904,0.0035323,0.0030854,0.0017188,0.01347,0.0609,0.0032417,0.00088784,0.0013903,0.0015035,0.099727,0.0031402,0.011862,0.0015288,0.034503,0.11059,0.13747,0.20334
0.096255,0.0034601,0.012451,0.001889,0.058218,0.056374,0.0037339,0.00035785,0.00098266,0.0009765,0.073021,0.0061653,0.0020222,0.0033122,0.0095945,0.090923,0.0034736,0.0038727,0.0013763,0.005704,0.074524,0.0029338,0.0037223,0.00085997,0.01116,0.06245,0.0036748,0.00046526,0.0010807,0.0003255,0.096116,0.0043547,0.011031,0.00043862,0.031481,0.10923,0.13961,0.2015
0.095914,0.0060167,0.013674,0.0031186,0.060636,0.055366,0.0040923,0.0011992,0.0004091,0.000775,0.069161,0.005985,0.0025151,0.001341,0.006634,0.090613,0.0043096,0.0029031,0.0010733,0.003007,0.074819,0.0053326,0.0033251,0.0012748,0.013594,0.060512,0.0042201,0.0018189,0.0011881,0.000527,0.097542,0.0034974,0.011149,0.00061578,0.032969,0.11177,0.13966,0.20465
0.095558,0.0019231,0.013733,0.00068901,0.059133,0.053444,0.0032252,0.00032365,0.00036044,0.000496,0.070324,0.005305,0.0030736,0.00075673,0.0069285,0.093233,0.0047844,0.0029893,0.0021974,0.0030225,0.076214,0.0052965,0.0037513,0.0019563,0.012323,0.063163,0.0041178,0.00045057,0.0015755,0.0006665,0.09748,0.0048394,0.014219,0.00075129,0.032628,0.11177,0.13745,0.20136
0.095155,0.0047234,0.013255,0.0019721,0.059629,0.055242,0.0045999,0.00048275,0.0015192,0.000837,0.07175,0.006181,0.0023804,0.00040921,0.0080755,0.090939,0.0047521,0.0057465,0.0018175,0.0026505,0.077748,0.0056618,0.0049028,0.0033041,0.013516,0.065286,0.0039094,0.00099996,0.00091722,0.000155,0.096937,0.0041932,0.013485,0.00060607,0.034348,0.10988,0.1358,0.20127
0.094442,0.0035142,0.014112,0.00084443,0.058513,0.054514,0.0043253,0.00049235,0.0011087,0.0015655,0.070882,0.0036988,0.0027296,0.0024302,0.0077345,0.089001,0.0059306,0.0035676,0.0026072,0.004402,0.074075,0.0054306,0.0035013,0.0029602,0.012199,0.063116,0.0042193,0.00068622,8.2857e-05,0.001302,0.098317,0.004995,0.013207,0.0011816,0.035015,0.11242,0.13764,0.20559
0.098503,0.003862,0.013295,0.0024619,0.061303,0.055475,0.0041237,0.00051989,0.00034373,0.0005735,0.068076,0.0062021,0.0028679,0.002324,0.007719,0.08911,0.004757,0.0030636,0.0014496,0.0030845,0.074214,0.0045427,0.0039214,0.0014579,0.01147,0.062698,0.0040675,0.00043648,0.0012078,0.0018445,0.099836,0.0036281,0.012989,0.0010946,0.035759,0.11174,0.13772,0.20263
0.096457,0.0047841,0.016193,0.0025275,0.058296,0.055475,0.0041735,0.00041735,0.00077638,1.55e-05,0.069084,0.0049757,0.0044528,0.00099566,0.0060295,0.092985,0.0044529,0.0053101,0.00094048,0.0025885,0.074633,0.0045166,0.0043797,0.0031453,0.013439,0.062357,0.0049066,0.0007125,0.0014279,0.0002015,0.097139,0.0039731,0.013222,0.00081447,0.032597,0.11086,0.13716,0.20386
0.094566,0.0025454,0.01175,0.0010455,0.056839,0.056467,0.0033876,0.0012991,0.0009121,0.0017205,0.069735,0.0041606,0.0026041,0.00091727,0.0098425,0.090536,0.0037577,0.0039031,0.00025668,0.0009455,0.073284,0.0026722,0.0048217,0.0019271,0.011315,0.061938,0.0029333,0.00050464,0.00084776,0.00124,0.1003,0.0021147,0.01214,0.00036025,0.034581,0.11242,0.13891,0.20184
0.09779,0.0035758,0.012997,0.00086545,0.061117,0.054529,0.0040429,0.00081578,0.0013996,0.001736,0.068836,0.0042634,0.0017573,0.0010506,0.0080135,0.088521,0.0045672,0.0044519,0.0012642,0.0022785,0.074137,0.0048405,0.0044898,0.0013925,0.01068,0.061194,0.0025431,0.00068831,0.0017736,0.000558,0.099634,0.0034505,0.01234,0.00036235,0.034596,0.11244,0.13789,0.20503
0.096829,0.0042499,0.015969,0.0018707,0.059722,0.056141,0.0037868,0.001075,0.0011302,0.001302,0.06975,0.0053244,0.003862,0.0020295,0.010292,0.08911,0.0051226,0.0065108,0.0022754,0.0016275,0.074788,0.0029863,0.0043335,0.002698,0.011114,0.060512,0.0047811,0.00088662,0.00083384,0.000186,0.098673,0.0030332,0.012509,0.00017577,0.034689,0.11169,0.13931,0.20319
0.095217,0.0014678,0.02099,0.001517,0.064496,0.052235,0.0030878,0.0012408,0.00018554,9.3e-05,0.069673,0.0053147,0.0010362,0.0039446,0.0038595,0.092582,0.0050727,0.00040567,0.0074772,0.0028985,0.076322,0.0044924,0.0012016,0.0034595,0.019251,0.060435,0.0015979,0.0013837,0.0020147,0.0019065,0.090582,0.0021429,0.015583,0.00082871,0.032023,0.10458,0.15657,0.20181
0.093279,0.0020202,0.011755,0.00068072,0.057319,0.053537,0.0029979,0.001317,0.0017331,0.000279,0.069812,0.005229,0.0023096,0.0041997,0.004867,0.095914,0.0065094,0.0022731,0.007325,0.002697,0.077097,0.0055984,0.0033263,0.0053785,0.015593,0.063674,0.0034498,0.0015037,0.0010903,0.001054,0.097201,0.0026403,0.0057007,0.00044126,0.026273,0.10515,0.14238,0.20195
0.093155,0.0030386,0.010798,0.0012668,0.058683,0.053026,0.0026415,0.0020463,0.0012338,0.0021235,0.06944,0.0056863,0.0020342,0.0046044,0.00465,0.092985,0.0048956,0.0032099,0.0074498,0.0040145,0.075904,0.005636,0.0035707,0.0068132,0.016291,0.062233,0.0018347,0.00073441,0.00087839,0.0019685,0.098642,0.0021777,0.0055699,0.00086141,0.029357,0.10673,0.1433,0.20458
0.096829,0.0037604,0.021683,0.0024853,0.064248,0.050763,0.0026373,0.0002635,0.0015323,0.0008215,0.068216,0.0041068,0.0018596,0.0043679,0.0005735,0.090551,0.0023066,0.0021392,0.0064185,0.000899,0.07578,0.0033568,0.003891,0.003507,0.021158,0.058776,0.0032976,0.00094842,0.00057519,0,0.093574,0.0029852,0.01798,0.00076199,0.033961,0.10476,0.15328,0.20747
0.095372,0.0035018,0.023476,0.0016829,0.062977,0.051352,0.0028667,0.00076956,0.0013901,0.0004805,0.071471,0.0043159,0.0035526,0.0053399,0.0006045,0.095976,0.0023819,0.006051,0.0075487,0.001457,0.079794,0.0034502,0.0070635,0.0045798,0.023994,0.060962,0.003515,0.00099164,0.0020664,7.75e-05,0.091884,0.0028034,0.016976,0.00025028,0.034999,0.10321,0.14968,0.20029
0.093264,0.0030119,0.011714,0.0015043,0.058451,0.052483,0.0035092,0.00031,0.0016099,0.000217,0.068743,0.0035993,0.00081209,0.0043698,0.0038905,0.094473,0.0030574,0.00077887,0.0062222,0.0012555,0.075408,0.0034826,0.00072121,0.0042775,0.018895,0.062868,0.0021696,0.00096673,0.00184,0.000217,0.095682,0.0042277,0.0086861,0.0011497,0.028815,0.10805,0.14454,0.20449
0.095108,0.0029922,0.01024,0.0011943,0.060481,0.053506,0.0026927,0.0011093,0.0022995,0.001519,0.068588,0.0037807,0.0020397,0.0043555,0.0028985,0.093636,0.0030978,0.0033602,0.0070821,0.0003565,0.075702,0.0046445,0.0028699,0.0049784,0.018135,0.060993,0.0022459,0.0019188,0.0015366,0.0006355,0.097418,0.002703,0.0084719,0.00017232,0.029931,0.10655,0.14358,0.20493
0.094829,0.0031352,0.0096969,0.0031618,0.059086,0.052747,0.0029556,0.0011521,0.0018955,0.0009765,0.068712,0.0044056,0.0038571,0.0036541,0.0049755,0.095077,0.0043931,0.0030696,0.0067311,0.001178,0.075811,0.0052256,0.0031581,0.0046597,0.019825,0.063798,0.0020841,0.0005963,0.00057,0.001178,0.096131,0.0021328,0.0078899,0.00068729,0.024676,0.10365,0.14827,0.20097
0.094395,0.0033505,0.0091186,0.0014722,0.05735,0.053398,0.0026223,0.0014462,0.0011719,0.0002015,0.066697,0.003321,0.0020421,0.0045316,0.0037355,0.091497,0.0038214,0.0046377,0.0074317,0.0007285,0.074369,0.004907,0.0033606,0.0044766,0.017453,0.062016,0.0023679,0.00203,0.00038957,0.0007285,0.09889,0.0036365,0.0047157,0.0018459,0.028148,0.10993,0.14381,0.205
0.096457,0.0030503,0.01005,0.0019608,0.060435,0.051879,0.0031337,0.00057182,0.00085332,0.0002015,0.068138,0.0028945,0.0015338,0.0032055,0.004278,0.08866,0.004895,0.0015784,0.0066515,0.000837,0.072091,0.0035081,0.0034369,0.0032873,0.015795,0.061287,0.0029058,0.0020661,0.00071165,0.000465,0.097945,0.0024729,0.0047911,0.00031628,0.029435,0.10988,0.14706,0.2066
0.097294,0.0023301,0.021204,0.0014792,0.065643,0.053088,0.0014266,0.0016515,0.0012725,1.55e-05,0.068479,0.0027681,0.0014334,0.0045313,0.001581,0.089327,0.0034329,0.0013972,0.0073469,1.55e-05,0.076136,0.002533,0.0027603,0.0027829,0.019995,0.06028,0.0026357,0.0010245,0.00072754,0.0005735,0.093915,0.0027046,0.016087,0.00057633,0.033279,0.10492,0.15429,0.20228
0.094612,0.001107,0.010354,0.00075161,0.057722,0.051956,0.0023268,0.0016002,0.0019333,0.000279,0.067317,0.0035576,0.0016898,0.003959,0.0037355,0.091326,0.0048595,0.0035425,0.0067769,0.000713,0.075485,0.0038015,0.0028769,0.0045435,0.016554,0.06262,0.00325,0.00082631,0.0016956,0.000217,0.097464,0.0018749,0.0059618,0.0011555,0.027962,0.10962,0.14468,0.20493
0.096178,0.0027269,0.008731,0.0012045,0.060218,0.053258,0.0032333,0.0021116,0.0017496,0.000186,0.067937,0.0034377,0.0016769,0.0021295,0.0049445,0.089823,0.0042855,0.002301,0.0078941,0.0011005,0.073982,0.0036982,0.001618,0.0030591,0.014989,0.062341,0.0032692,0.00087736,0.00092398,0.000341,0.097371,0.0015529,0.0058611,0.0030703,0.030535,0.10814,0.14637,0.2046
0.095155,0.0025284,0.022522,0.0013028,0.062853,0.052592,0.0037557,0.00051524,0.0019286,0.0011315,0.065891,0.0034012,0.0012107,0.003881,0.0036735,0.087343,0.0027452,0.0037387,0.0060795,0.0011935,0.073718,0.0034477,0.0024727,0.00337,0.016089,0.058714,0.0016193,0.0028903,0.0012746,0.000682,0.093605,0.002388,0.014845,0.00097033,0.036689,0.10765,0.15894,0.2064
0.094984,0.0024724,0.0083907,0.0013421,0.058869,0.052561,0.002765,0.00067581,0.001734,0.0002945,0.067518,0.0039771,0.0015784,0.0037084,0.003937,0.088722,0.0038485,0.0020014,0.0078197,0.003844,0.072153,0.0042626,0.0011421,0.0042332,0.016198,0.062062,0.0028366,0.0007625,0.00021038,0.000806,0.097092,0.0028161,0.005354,0.0013372,0.026877,0.11036,0.1479,0.20665
0.094674,0.0029279,0.018302,0.00045407,0.06138,0.051228,0.0025292,0.0015572,0.00094546,0.0007905,0.06958,0.0031289,0.0030747,0.0037043,0.0018135,0.090629,0.0041454,0.005184,0.0063154,0.0018445,0.078089,0.0053209,0.0052125,0.0041473,0.022103,0.059396,0.0023646,0.00076721,0.0010508,0.000465,0.090582,0.0033444,0.013462,0.00099877,0.030194,0.10721,0.15635,0.20226
0.094767,0.0024704,0.0091526,0.0009722,0.059489,0.054514,0.0017826,0.0022624,0.0010063,0.0012865,0.068448,0.004051,0.0013,0.0047519,0.002325,0.091528,0.0042262,0.0024292,0.0062654,0.0013175,0.074679,0.0038082,0.0025563,0.0053445,0.017329,0.06138,0.0015096,0.00064767,0.00057628,0.000341,0.096906,0.001891,0.0058686,0.00086028,0.027063,0.10737,0.14418,0.20623
0.094302,0.0018514,0.0086845,0.0010749,0.059272,0.052282,0.0023288,0.00075187,0.0018854,0.0006975,0.065302,0.0025671,0.0012343,0.0037037,0.0025265,0.091481,0.0035695,0.0026916,0.0060485,0.002976,0.0744,0.0038328,0.0028331,0.0044554,0.016926,0.063318,0.0011126,0.0015115,0.0018593,0.0004495,0.095604,0.0017401,0.0038421,0.00053167,0.028768,0.10982,0.14716,0.20634
0.093295,0.0026321,0.008417,0.0019281,0.058947,0.05439,0.0030031,0.0021028,0.0020107,0.0009455,0.071378,0.0038809,0.0016812,0.0057465,0.0024645,0.092504,0.0029571,0.0013926,0.0079602,0.00031,0.074617,0.0031912,0.0013921,0.0049682,0.01643,0.061737,0.0025743,0.0013317,0.00096488,0.0009455,0.096798,0.0024648,0.0056343,0.00058306,0.029187,0.10752,0.14454,0.20322
0.09362,0.0030876,0.010597,0.0020954,0.058962,0.053258,0.0023497,0.0011008,0.0018382,0.000248,0.068743,0.0042578,0.0018742,0.0061951,0.0056885,0.090939,0.0039052,0.0016991,0.0076037,0.0020305,0.073408,0.003109,0.00080421,0.0051491,0.015128,0.061814,0.0031141,0.00056186,0.0016877,0.000837,0.097294,0.0019027,0.0060783,0.0010142,0.030582,0.10875,0.1455,0.20668
0.0961,0.0032978,0.0096745,0.0014894,0.059458,0.053909,0.0023875,0.0004519,0.001329,0.00031,0.067751,0.0031231,0.00059327,0.0054229,0.0040455,0.088474,0.0030238,0.0034132,0.0070222,0.001643,0.074369,0.0025349,0.0010235,0.0045663,0.013485,0.061954,0.0018992,0.0011114,0.0020592,0.0009145,0.099293,0.0029819,0.0070668,0.00085035,0.03162,0.10759,0.14421,0.20635
0.099014,0.00064092,0.02184,9.5799e-05,0.062713,0.053646,0.0033056,0.0014044,0.00070631,0.0006045,0.066433,0.0031556,0.0031974,0.00023786,0.006696,0.085421,0.0034916,0.0080638,0.0010085,0.0022165,0.070959,0.0041019,0.005375,0.001357,0.011594,0.06121,0.00085522,0.0015304,0.001304,1.55e-05,0.098968,0.0019773,0.020678,0.0010916,0.039231,0.10982,0.14998,0.20455
0.099789,0.001732,0.023964,0.0011827,0.064449,0.055273,0.0013133,0.0025744,0.00097649,0.000744,0.066201,0.003878,0.0034875,0.0012456,0.0074865,0.081189,0.0041566,0.0075021,0.001043,0.002511,0.069518,0.0026931,0.0053461,0.0014204,0.012199,0.059365,0.0021747,0.0023994,0.00042908,6.2e-05,0.09996,0.0022217,0.019623,0.0032812,0.039789,0.1111,0.14954,0.20806
0.098394,0.0023697,0.023111,0.001177,0.062341,0.053692,0.0015367,0.0013132,0.00049188,0.001457,0.065844,0.0021438,0.0035457,0.00096077,0.007223,0.085219,0.0045366,0.0094697,0.0036119,0.001767,0.072695,0.0027494,0.0053941,0.00057488,0.013299,0.059768,0.0019106,0.0014509,0.00085381,0.001271,0.099619,0.0016362,0.016951,0.0029742,0.038239,0.11137,0.14765,0.20575
0.097929,0.0014741,0.022553,0.00153,0.06169,0.055211,0.0015609,0.0015676,0.0016719,0.000775,0.067673,0.0022778,0.003935,0.0006737,0.006634,0.087932,0.0055566,0.008124,0.0016036,0.0011625,0.072618,0.0037607,0.0075907,0.0022095,0.015423,0.061272,0.0033593,0.00095057,0.00080955,1.55e-05,0.097712,0.0020015,0.020152,0.0027997,0.03937,0.10884,0.14648,0.20434
0.096488,0.0018497,0.021685,0.0018788,0.062078,0.054095,0.0032409,0.00065174,0.00055731,0.001953,0.070138,0.003062,0.0059064,0.000585,0.0043245,0.090179,0.003842,0.011923,0.0015307,0.001271,0.074834,0.0035593,0.0085508,0.0016014,0.017081,0.061814,0.0019883,0.00018857,0.00043756,0.000682,0.097061,0.002495,0.020577,0.0030584,0.038564,0.10862,0.14671,0.20006
0.097542,0.00204,0.022933,0.0011147,0.061799,0.054064,0.0024837,0.0014857,0.00035576,0.000868,0.068061,0.0041508,0.003839,0.00079596,0.0050375,0.088614,0.0072066,0.0085186,0.0012371,0.0016895,0.072432,0.0035402,0.0070695,0.0025437,0.014121,0.060993,0.0015165,0.0016463,0.00072455,0.0002945,0.098224,0.0012252,0.019638,0.00013001,0.037123,0.10931,0.14679,0.20398
0.095511,0.00045311,0.016399,0.00028808,0.059427,0.054111,0.0029297,0.0011781,0.00063908,0.0004185,0.069487,0.003523,0.0033516,0.0017632,0.0076725,0.090567,0.0045523,0.0091191,0.0019823,7.75e-05,0.074943,0.004356,0.0051236,0.0027869,0.016911,0.061597,0.0012508,0.00089445,0.0010859,0.000434,0.098797,0.0021005,0.015997,0.0020849,0.031899,0.10749,0.14635,0.20114
0.09641,0.002293,0.01583,0.0018595,0.059179,0.055769,0.0025661,0.0011537,0.0016091,0.000899,0.069316,0.0034327,0.0028319,0.0011328,0.00961,0.087978,0.0056721,0.0085401,0.0019111,0.000527,0.071936,0.0055751,0.0037421,0.0032136,0.014524,0.061706,0.0015197,0.0010427,0.00038526,0.0009455,0.099216,0.0021463,0.01502,0.001263,0.032256,0.10841,0.14573,0.20353
0.097666,0.00077166,0.01568,0.00035193,0.059102,0.053723,0.0015815,0.0010263,0.00051913,0.000837,0.06865,0.0027781,0.0031713,0.0020785,0.0090365,0.087839,0.0045561,0.0083099,0.0013394,0.0006355,0.073532,0.0048338,0.0033934,0.0015167,0.014415,0.061148,0.0026107,0.001419,0.00074095,0.0005115,0.098952,0.0013128,0.015099,0.0014512,0.030101,0.10991,0.14617,0.20241
0.095744,0.0011539,0.016873,0.00053774,0.058699,0.054033,0.0019476,0.00051361,0.00070959,0.00093,0.069843,0.0060392,0.0033994,0.0010244,0.009455,0.089389,0.0051743,0.0068613,0.001,0.0002635,0.074478,0.0037905,0.0034751,0.0024457,0.01378,0.062062,0.002522,0.0012477,0.00097812,0.000682,0.099045,0.0012168,0.015348,0.0010132,0.031713,0.10926,0.14232,0.20383
0.095914,0.00087031,0.017811,0.00088923,0.060047,0.055893,0.0032129,0.000155,0.00063389,3.1e-05,0.069208,0.004735,0.0025545,0.0015316,0.0066185,0.089172,0.0053354,0.00543,0.0022102,0.0011625,0.075578,0.0052211,0.0033501,0.002744,0.012741,0.062047,0.0021289,0.0019303,0.0015847,0.0004185,0.098844,0.0020811,0.014434,0.0010644,0.03145,0.10831,0.14203,0.203
0.095775,0.0026564,0.014556,0.0016615,0.059226,0.053987,0.0028056,0.0005735,0.00095628,4.65e-05,0.069781,0.003765,0.0022019,0.0015646,0.007409,0.087916,0.0046896,0.0074121,0.00061146,0.004526,0.074447,0.0047802,0.0031698,0.0023363,0.012571,0.062946,0.0019166,0.0014448,0.00064583,4.65e-05,0.099185,0.0017019,0.012227,0.0038897,0.032566,0.11041,0.14268,0.20288
0.096705,0.0033826,0.017006,0.00048348,0.060311,0.05363,0.0026917,0.0010386,0.0009175,0.000589,0.069022,0.0035877,0.0014372,0.0013007,0.011145,0.086893,0.0048999,0.0061671,0.00041383,0.000434,0.072401,0.0044088,0.0029851,0.0019103,0.011114,0.061318,0.0023767,0.0011735,0.0010851,6.2e-05,0.095976,0.0018428,0.014225,0.0013164,0.030039,0.10782,0.15677,0.19947
0.095232,0.0027696,0.01485,0.0015636,0.058404,0.053537,0.0035251,0.00036483,0.0016132,0.000496,0.069611,0.0041597,0.001604,0.00087366,0.01161,0.089125,0.0066828,0.0087549,0.00099179,0.000186,0.072044,0.0047623,0.0033163,0.0010684,0.011036,0.062202,0.0018553,0.00097157,0.00061339,0.0006355,0.094628,0.0027655,0.014384,0.00028425,0.027668,0.10858,0.15598,0.19907
0.096209,0.0027335,0.016601,0.0024333,0.060683,0.056033,0.0027835,0.0011009,0.00072435,0.0002945,0.070587,0.0053516,0.0035778,0.00091896,0.010199,0.09145,0.0066304,0.0062963,0.00045693,0.001953,0.076291,0.0046571,0.0036105,0.0021364,0.014167,0.060001,0.0024714,0.0016991,0.00064191,0.0011005,0.098565,0.0028984,0.015112,0.0034216,0.029869,0.10535,0.1464,0.19911
0.097015,0.0023626,0.015784,0.0016746,0.057924,0.054111,0.0016393,0.0018479,0.0010572,0.0006975,0.069905,0.0033316,0.0039093,0.00161,0.007502,0.087017,0.0056739,0.0078578,0.0013002,0.001085,0.073253,0.0026178,0.0038199,0.00058808,0.014043,0.061969,0.0020887,0.00093129,0.00030281,0.00093,0.10038,0.0014551,0.013952,0.0019406,0.032302,0.11089,0.14311,0.20235
0.098317,0.002024,0.012865,0.00075029,0.061582,0.054576,0.00013226,0.00097699,0.00032111,0.0018445,0.06927,0.002475,0.0016617,0.0010344,0.0080135,0.087203,0.0051171,0.0064743,0.0027629,0.002635,0.071486,0.0034891,0.0012016,0.0010362,0.011563,0.062031,0.0012472,0.0016369,0.00090936,0.000837,0.09889,0.0012436,0.012405,0.0010308,0.030628,0.10968,0.14361,0.20494
0.097728,0.0011339,0.013382,0.0021398,0.060404,0.055289,0.00097929,0.001958,0.00091099,0.0002325,0.070029,0.0032796,0.0029684,0.0013363,0.008711,0.086289,0.0056273,0.0068001,0.0021998,0.0011625,0.073145,0.0034463,0.003441,0.0018151,0.013005,0.061938,0.0011945,0.0020177,0.00044745,0.001457,0.097929,0.0011793,0.012433,0.00081543,0.031093,0.10915,0.14441,0.20409
0.096209,0.0016197,0.01266,0.00070262,0.059598,0.054979,0.0023527,0.0022325,0.00024373,0.0002635,0.068836,0.0029669,0.0022513,0.00064048,0.0098115,0.087219,0.0051229,0.0073224,0.00026501,0.0027435,0.072866,0.0021789,0.0047742,0.0023921,0.010339,0.061721,0.0019766,0.0024684,0.00031544,0.000124,0.099557,0.00085268,0.012376,0.00078114,0.033093,0.11056,0.14303,0.20502
0.096209,0.0015619,0.014245,0.0017634,0.058637,0.055335,0.0018383,0.00083929,0.00095113,0.000155,0.068138,0.0028735,0.0037638,0.00060513,0.00713,0.086769,0.005703,0.0098674,0.00060012,0.002046,0.072013,0.0026545,0.0049957,0.0027122,0.012369,0.062217,0.0019906,0.00079035,0.0011656,9.3e-05,0.10024,0.0020462,0.012047,0.0022253,0.033186,0.11132,0.14232,0.20544
0.098069,0.0013251,0.01183,0.00039369,0.060342,0.05594,0.0017999,0.00088405,0.00015941,0.0002325,0.065224,0.0043394,0.0019783,0.00089987,0.007967,0.085064,0.0038574,0.0055139,0.0018907,0.001488,0.071889,0.0048313,0.0036291,0.0019381,0.012152,0.061814,0.0018158,0.0011845,0.00017292,6.2e-05,0.10042,0.0018052,0.011098,0.00057693,0.032442,0.11227,0.1421,0.2072
0.094581,0.0028176,0.019375,0.001518,0.062155,0.053181,0.0029082,0.0013788,0.0008401,0.0004185,0.072711,0.0051202,0.0029375,0.0021581,0.0002635,0.094721,0.0032582,0.0043093,0.0018675,0.0007595,0.079484,0.0065082,0.0054717,0.0045981,0.021886,0.059102,0.0038091,0.00054339,0.0015648,0.0005425,0.093248,0.0038179,0.016003,0.0019776,0.033449,0.1034,0.14996,0.19961
0.095651,0.0032024,0.022444,0.0011423,0.064124,0.052421,0.004023,0.0014019,0.0011384,0.000341,0.06927,0.0037822,0.0017419,0.0021386,0.0048205,0.089869,0.0053423,0.00064915,0.0015428,0.00186,0.075656,0.0034039,0.0035984,0.0025847,0.019329,0.05997,0.0024237,0.0016921,0.0019001,0.0004495,0.095217,0.0036917,0.017583,0.00074269,0.036596,0.10478,0.15023,0.20694
0.096395,0.0035659,0.017992,0.00085584,0.06276,0.051181,0.0035315,0.0013926,0.00095905,0.000465,0.071951,0.0038376,0.00027727,0.0017933,0.000899,0.09052,0.0045714,0.0007237,0.002375,0.000806,0.076508,0.0038983,0.0060763,0.0014003,0.022258,0.059722,0.0022386,0.0020124,0.0005846,0.0002945,0.091838,0.0032825,0.01471,0.001112,0.036534,0.10515,0.15238,0.20435
0.096116,0.0036214,0.011545,0.0020958,0.060714,0.053553,0.0032684,0.0012249,0.00097701,0.0002325,0.071471,0.0048545,0.00031193,0.0012508,0.0042315,0.092783,0.0061137,0.0017339,0.0011719,0.00372,0.077407,0.0040713,0.0020772,0.0028207,0.018755,0.060388,0.0043172,0.0014304,0.00046038,0.00155,0.094147,0.0029212,0.0098265,0.0025305,0.028892,0.10512,0.14601,0.203
0.09283,0.0034823,0.012555,0.0018353,0.061551,0.055862,0.0049281,0.0016293,0.0020209,0.000837,0.071502,0.0050149,0.00096512,0.0036861,0.0053165,0.09686,0.0076568,0.0021249,0.0022131,0.0004495,0.080011,0.0051692,0.00089552,0.0037099,0.01705,0.061814,0.0046046,0.0011636,0.0016097,3.4694e-18,0.09734,0.0023752,0.0095249,0.00070982,0.028551,0.10456,0.14139,0.19783
0.09269,0.0038115,0.012436,0.0013374,0.059086,0.052545,0.0040743,0.00033388,0.00044616,0.000279,0.07175,0.0050453,0.0015667,0.0021508,0.0049445,0.092473,0.0051303,0.001788,0.0014498,0.002232,0.077919,0.005277,0.00095158,0.0020045,0.019949,0.062171,0.0049823,0.001086,0.00093284,0.0013795,0.096984,0.0033138,0.011011,0.0012394,0.026862,0.10779,0.14347,0.20221
0.09376,0.0032946,0.014869,0.0011807,0.059846,0.053274,0.0030672,0.0014325,0.00068778,0.0002945,0.068758,0.0052746,0.0010169,0.0025619,0.00403,0.094767,0.0059326,0.002613,0.0010044,0.000217,0.078585,0.0046554,0.0017118,0.0044253,0.015283,0.063101,0.0040566,0.0013882,0.00082155,0.0007905,0.09734,0.0047936,0.010853,0.00042521,0.031341,0.10675,0.14274,0.20093
0.09345,0.0039725,0.0086335,8.8057e-05,0.057552,0.051755,0.0038184,0.0021676,0.00052513,0.0002325,0.067828,0.0046141,0.00051361,0.00272,0.005115,0.088598,0.0043121,0.0014583,0.0016386,0.000496,0.075299,0.0060484,0.0014474,0.0022732,0.016399,0.060946,0.0042649,0.001054,0.00086047,0.001116,0.097573,0.0026264,0.0071615,0.00080293,0.027513,0.10914,0.14995,0.20547
0.096085,0.0030231,0.0076639,0.00030492,0.060342,0.052204,0.0033201,0.001846,0.00047179,0.001364,0.067007,0.003904,0.0018422,0.0024715,0.0052855,0.084847,0.0059093,0.0016336,0.0031116,0.001023,0.071207,0.0035961,0.0013644,0.0012958,0.014725,0.059861,0.0038057,0.0014113,0.00087986,0.00124,0.098286,0.0014457,0.0056578,0.0013429,0.028226,0.11067,0.15126,0.20857
0.096922,0.0030102,0.0095547,0.0013883,0.059443,0.05239,0.0031031,0.0013522,0.0013573,0.001023,0.066681,0.0052424,0.0007349,0.0020669,0.005921,0.08587,0.0035692,0.0021667,0.00011242,0.001302,0.072494,0.0051937,0.0012616,0.0021956,0.015733,0.060621,0.0040895,0.0014462,0.00063941,0.0013485,0.098565,0.0034505,0.0057606,0.0019164,0.030675,0.11216,0.14736,0.20694
0.094829,0.0042691,0.009627,0.0011701,0.059148,0.053181,0.0032065,0.001782,0.0014608,0.0002015,0.069983,0.0067739,0.0017275,0.0015687,0.0029605,0.089311,0.0065987,0.0037048,0.0019761,0.000372,0.073269,0.0058806,0.0019345,0.0035295,0.01471,0.062744,0.0044788,0.00093258,0.00093813,0.001178,0.096968,0.0021647,0.0087995,0.0016869,0.026598,0.10943,0.14627,0.20401
0.091543,0.0048504,0.01209,0.002017,0.060295,0.053351,0.0024569,0.0018603,0.0010039,0.000651,0.076012,0.0052378,0.0015218,0.0025781,0.006014,0.097402,0.0069837,0.004802,0.00044952,0.001023,0.080538,0.0061741,0.0026991,0.0044284,0.017019,0.061272,0.0031633,0.0021614,0.0011886,0.0005735,0.094581,0.002964,0.0083031,0.0010664,0.025172,0.10329,0.14479,0.19722
0.0919,0.0035153,0.010138,0.00083723,0.058327,0.053243,0.0051803,0.0017366,0.0015626,0.0002635,0.07285,0.0070636,0.0013112,0.0030018,0.007564,0.09748,0.0064032,0.0030003,0.00082813,0.0010385,0.077624,0.0066018,0.0015365,0.0031537,0.013795,0.062868,0.00438,0.0018166,0.00081989,0.001488,0.093171,0.0040025,0.0070136,0.00037135,0.027048,0.10639,0.14466,0.19981
0.091357,0.0049445,0.010045,0.0019683,0.058125,0.052731,0.0034331,0.00021589,0.00080505,0.00155,0.07144,0.0040965,0.00037999,0.0020808,0.0067735,0.092706,0.0062091,0.0036736,0.0025493,0.0021855,0.078539,0.0053685,0.0030431,0.0030314,0.018275,0.062713,0.0045131,0.00057371,0.0021661,0.001612,0.095279,0.0032152,0.0057334,0.0012317,0.020569,0.10475,0.15153,0.19896
0.090598,0.0043843,0.0085561,0.0021951,0.056033,0.051398,0.0041676,0.0013459,0.0012414,0.000682,0.071858,0.0054183,0.00093,0.0020452,0.006758,0.1021,0.0057495,0.0046027,0.0038929,0.0004805,0.079717,0.0054479,0.0018382,0.0029138,0.017872,0.062543,0.0035979,0.00038376,0.0010109,0.0029295,0.092489,0.004963,0.0053439,0.00065637,0.02029,0.10309,0.14989,0.19632
0.094209,0.0039885,0.0077062,0.0013251,0.05921,0.051724,0.0042101,0.0017646,0.00065299,0.0005735,0.069502,0.0068986,0.00038282,0.0018799,0.006293,0.08787,0.0041266,0.0028892,0.0022171,0.0004185,0.075098,0.0057122,0.0020957,0.0027863,0.016601,0.063922,0.0037174,0.0017583,0.0013624,0.002542,0.094814,0.002357,0.0076045,0.0014905,0.024072,0.10782,0.15237,0.20268
0.094705,0.0041654,0.013726,0.0017003,0.061504,0.052716,0.004388,0.00073441,0.0017893,0.0017515,0.071765,0.0060279,0.0010386,0.0028037,0.005332,0.096689,0.0058977,0.0016896,0.0031187,0.001922,0.078043,0.0061715,0.0021017,0.0028344,0.01471,0.061907,0.0036622,0.001688,0.0013349,0.000961,0.09548,0.0039709,0.010522,0.00096355,0.02914,0.10421,0.14446,0.20003
0.095418,0.0049131,0.014604,0.0020391,0.06045,0.053847,0.0026299,0.0017318,0.0015409,0.001023,0.071021,0.0071567,0.0025447,0.0013878,0.006944,0.093822,0.0066362,0.00081975,0.0016529,0.0005425,0.079407,0.0062082,0.0016767,0.0019552,0.017779,0.062155,0.0035458,0.0017949,0.0011839,0.002046,0.095511,0.0038936,0.01003,0.0015653,0.028675,0.10376,0.14246,0.2026
0.094519,0.0046592,0.013259,0.0018155,0.062186,0.052995,0.0034219,0.002289,0.0024908,0.0006665,0.073176,0.0056131,0.000897,0.0025021,0.0064325,0.097821,0.0060297,0.0012131,0.0026778,0.0017825,0.078616,0.0047134,0.0022934,0.0025719,0.016368,0.062992,0.0037471,0.001075,0.00019736,0.001333,0.094969,0.003633,0.012145,0.00090934,0.029466,0.105,0.14017,0.19975
0.091869,0.0046426,0.021863,0.001922,0.061334,0.054204,0.0043271,0.00084968,0.00074571,0.0005425,0.076601,0.0055008,0.0068935,0.001856,0.003038,0.10117,0.0067212,0.011239,0.0019717,0.0006355,0.084785,0.0063417,0.011381,0.0032908,0.020429,0.059691,0.0033924,0.00084058,0.001211,0.0004495,0.085188,0.0047821,0.015175,0.00077239,0.030783,0.09903,0.15319,0.19428
0.095542,0.0043169,0.011236,0.00033407,0.059086,0.052979,0.0035112,0.00047218,0.0015232,0.000217,0.07285,0.0066229,0.00077562,0.0035022,0.009734,0.095294,0.0069494,0.0019341,0.00029859,0.000403,0.075733,0.0049856,0.0011233,0.003391,0.014477,0.062434,0.0038629,0.0017865,0.00088432,0.00124,0.093155,0.0043036,0.0074406,0.0017342,0.024583,0.10432,0.14854,0.19916
0.093403,0.0042488,0.016635,0.0016923,0.060264,0.051631,0.0034121,0.00078195,0.00050503,7.75e-05,0.072494,0.0060115,0.0061234,0.0032032,0.0028055,0.095217,0.0060739,0.0073611,0.0010814,7.75e-05,0.081096,0.0062825,0.011042,0.0034002,0.018786,0.062636,0.0036792,0.0013588,0.002037,0.0006355,0.091171,0.0028606,0.014309,0.00054751,0.03162,0.10591,0.1471,0.19935
